scope,column_name,row_count,blank_count,blank_rate,sentinel_count,effective_missing_count,effective_missing_rate,distinct_non_blank_count
ALL_FILES,comments,13830,13826,0.999711,0,13826,0.999711,1
ALL_FILES,department,13830,0,0.000000,0,0,0.000000,2
ALL_FILES,entity,13830,0,0.000000,0,0,0.000000,20
ALL_FILES,transaction_date_raw,13830,0,0.000000,0,0,0.000000,351
ALL_FILES,expense_type,13830,27,0.001952,0,27,0.001952,289
ALL_FILES,expense_area,13830,47,0.003398,0,47,0.003398,842
ALL_FILES,supplier,13830,0,0.000000,0,0,0.000000,2146
ALL_FILES,transaction_number,13830,123,0.008894,0,123,0.008894,13333
ALL_FILES,amount_raw,13830,0,0.000000,0,0,0.000000,12169
ALL_FILES,po_category_description,13830,2,0.000145,0,2,0.000145,606
ALL_FILES,supplier_postcode,13830,22,0.001591,23,45,0.003254,2035
ALL_FILES,supplier_type,13830,327,0.023644,0,327,0.023644,56
ALL_FILES,contract_number,13830,7533,0.544685,150,7683,0.555531,1553
ALL_FILES,project_code,13830,4708,0.340419,117,4825,0.348879,1897
ALL_FILES,expenditure_type,13830,241,0.017426,0,241,0.017426,139
ALL_FILES,vat_registration_number,13830,2626,0.189877,61,2687,0.194288,1383
August_Over__25K_Transparency.csv,comments,781,781,1.000000,0,781,1.000000,0
August_Over__25K_Transparency.csv,department,781,0,0.000000,0,0,0.000000,1
August_Over__25K_Transparency.csv,entity,781,0,0.000000,0,0,0.000000,12
August_Over__25K_Transparency.csv,transaction_date_raw,781,0,0.000000,0,0,0.000000,22
August_Over__25K_Transparency.csv,expense_type,781,0,0.000000,0,0,0.000000,108
August_Over__25K_Transparency.csv,expense_area,781,0,0.000000,0,0,0.000000,251
August_Over__25K_Transparency.csv,supplier,781,0,0.000000,0,0,0.000000,419
August_Over__25K_Transparency.csv,transaction_number,781,11,0.014085,0,11,0.014085,764
August_Over__25K_Transparency.csv,amount_raw,781,0,0.000000,0,0,0.000000,745
August_Over__25K_Transparency.csv,po_category_description,781,0,0.000000,0,0,0.000000,111
August_Over__25K_Transparency.csv,supplier_postcode,781,1,0.001280,1,2,0.002561,410
August_Over__25K_Transparency.csv,supplier_type,781,24,0.030730,0,24,0.030730,27
August_Over__25K_Transparency.csv,contract_number,781,375,0.480154,15,390,0.499360,274
August_Over__25K_Transparency.csv,project_code,781,251,0.321383,10,261,0.334187,337
August_Over__25K_Transparency.csv,expenditure_type,781,21,0.026889,0,21,0.026889,16
August_Over__25K_Transparency.csv,vat_registration_number,781,137,0.175416,7,144,0.184379,311
December_Over__25K.csv,comments,1118,1114,0.996422,0,1114,0.996422,1
December_Over__25K.csv,department,1118,0,0.000000,0,0,0.000000,1
December_Over__25K.csv,entity,1118,0,0.000000,0,0,0.000000,12
December_Over__25K.csv,transaction_date_raw,1118,0,0.000000,0,0,0.000000,42
December_Over__25K.csv,expense_type,1118,0,0.000000,0,0,0.000000,122
December_Over__25K.csv,expense_area,1118,0,0.000000,0,0,0.000000,332
December_Over__25K.csv,supplier,1118,0,0.000000,0,0,0.000000,539
December_Over__25K.csv,transaction_number,1118,10,0.008945,0,10,0.008945,1108
December_Over__25K.csv,amount_raw,1118,0,0.000000,0,0,0.000000,1068
December_Over__25K.csv,po_category_description,1118,0,0.000000,0,0,0.000000,121
December_Over__25K.csv,supplier_postcode,1118,4,0.003578,0,4,0.003578,518
December_Over__25K.csv,supplier_type,1118,26,0.023256,0,26,0.023256,26
December_Over__25K.csv,contract_number,1118,589,0.526834,11,600,0.536673,311
December_Over__25K.csv,project_code,1118,437,0.390877,11,448,0.400716,451
December_Over__25K.csv,expenditure_type,1118,17,0.015206,0,17,0.015206,23
December_Over__25K.csv,vat_registration_number,1118,204,0.182469,4,208,0.186047,393
Defra_Over__25K_October_2025.csv,comments,1108,1108,1.000000,0,1108,1.000000,0
Defra_Over__25K_October_2025.csv,department,1108,0,0.000000,0,0,0.000000,1
Defra_Over__25K_October_2025.csv,entity,1108,0,0.000000,0,0,0.000000,12
Defra_Over__25K_October_2025.csv,transaction_date_raw,1108,0,0.000000,0,0,0.000000,46
Defra_Over__25K_October_2025.csv,expense_type,1108,0,0.000000,0,0,0.000000,140
Defra_Over__25K_October_2025.csv,expense_area,1108,0,0.000000,0,0,0.000000,317
Defra_Over__25K_October_2025.csv,supplier,1108,0,0.000000,0,0,0.000000,568
Defra_Over__25K_October_2025.csv,transaction_number,1108,11,0.009928,0,11,0.009928,1089
Defra_Over__25K_October_2025.csv,amount_raw,1108,0,0.000000,0,0,0.000000,1053
Defra_Over__25K_October_2025.csv,po_category_description,1108,0,0.000000,0,0,0.000000,122
Defra_Over__25K_October_2025.csv,supplier_postcode,1108,0,0.000000,2,2,0.001805,530
Defra_Over__25K_October_2025.csv,supplier_type,1108,28,0.025271,0,28,0.025271,28
Defra_Over__25K_October_2025.csv,contract_number,1108,589,0.531588,14,603,0.544224,333
Defra_Over__25K_October_2025.csv,project_code,1108,374,0.337545,12,386,0.348375,449
Defra_Over__25K_October_2025.csv,expenditure_type,1108,27,0.024368,0,27,0.024368,28
Defra_Over__25K_October_2025.csv,vat_registration_number,1108,199,0.179603,5,204,0.184116,409
Defra_Over__25k_June_2025.csv,comments,991,991,1.000000,0,991,1.000000,0
Defra_Over__25k_June_2025.csv,department,991,0,0.000000,0,0,0.000000,1
Defra_Over__25k_June_2025.csv,entity,991,0,0.000000,0,0,0.000000,14
Defra_Over__25k_June_2025.csv,transaction_date_raw,991,0,0.000000,0,0,0.000000,27
Defra_Over__25k_June_2025.csv,expense_type,991,0,0.000000,0,0,0.000000,130
Defra_Over__25k_June_2025.csv,expense_area,991,0,0.000000,0,0,0.000000,266
Defra_Over__25k_June_2025.csv,supplier,991,0,0.000000,0,0,0.000000,519
Defra_Over__25k_June_2025.csv,transaction_number,991,13,0.013118,0,13,0.013118,970
Defra_Over__25k_June_2025.csv,amount_raw,991,0,0.000000,0,0,0.000000,895
Defra_Over__25k_June_2025.csv,po_category_description,991,2,0.002018,0,2,0.002018,125
Defra_Over__25k_June_2025.csv,supplier_postcode,991,5,0.005045,1,6,0.006054,508
Defra_Over__25k_June_2025.csv,supplier_type,991,27,0.027245,0,27,0.027245,23
Defra_Over__25k_June_2025.csv,contract_number,991,532,0.536831,6,538,0.542886,252
Defra_Over__25k_June_2025.csv,project_code,991,389,0.392533,6,395,0.398587,370
Defra_Over__25k_June_2025.csv,expenditure_type,991,20,0.020182,0,20,0.020182,35
Defra_Over__25k_June_2025.csv,vat_registration_number,991,196,0.197780,3,199,0.200807,366
Defra__25k_May_25.csv,comments,1057,1057,1.000000,0,1057,1.000000,0
Defra__25k_May_25.csv,department,1057,0,0.000000,0,0,0.000000,1
Defra__25k_May_25.csv,entity,1057,0,0.000000,0,0,0.000000,10
Defra__25k_May_25.csv,transaction_date_raw,1057,0,0.000000,0,0,0.000000,20
Defra__25k_May_25.csv,expense_type,1057,0,0.000000,0,0,0.000000,106
Defra__25k_May_25.csv,expense_area,1057,0,0.000000,0,0,0.000000,248
Defra__25k_May_25.csv,supplier,1057,0,0.000000,0,0,0.000000,437
Defra__25k_May_25.csv,transaction_number,1057,0,0.000000,0,0,0.000000,839
Defra__25k_May_25.csv,amount_raw,1057,0,0.000000,0,0,0.000000,821
Defra__25k_May_25.csv,po_category_description,1057,0,0.000000,0,0,0.000000,92
Defra__25k_May_25.csv,supplier_postcode,1057,3,0.002838,1,4,0.003784,417
Defra__25k_May_25.csv,supplier_type,1057,37,0.035005,0,37,0.035005,22
Defra__25k_May_25.csv,contract_number,1057,637,0.602649,6,643,0.608325,282
Defra__25k_May_25.csv,project_code,1057,305,0.288553,6,311,0.294229,352
Defra__25k_May_25.csv,expenditure_type,1057,16,0.015137,0,16,0.015137,14
Defra__25k_May_25.csv,vat_registration_number,1057,161,0.152318,3,164,0.155156,319
November_Over__25K_Transparency.csv,comments,953,953,1.000000,0,953,1.000000,0
November_Over__25K_Transparency.csv,department,953,0,0.000000,0,0,0.000000,1
November_Over__25K_Transparency.csv,entity,953,0,0.000000,0,0,0.000000,13
November_Over__25K_Transparency.csv,transaction_date_raw,953,0,0.000000,0,0,0.000000,29
November_Over__25K_Transparency.csv,expense_type,953,0,0.000000,0,0,0.000000,125
November_Over__25K_Transparency.csv,expense_area,953,0,0.000000,0,0,0.000000,279
November_Over__25K_Transparency.csv,supplier,953,0,0.000000,0,0,0.000000,496
November_Over__25K_Transparency.csv,transaction_number,953,6,0.006296,0,6,0.006296,940
November_Over__25K_Transparency.csv,amount_raw,953,0,0.000000,0,0,0.000000,921
November_Over__25K_Transparency.csv,po_category_description,953,0,0.000000,0,0,0.000000,120
November_Over__25K_Transparency.csv,supplier_postcode,953,0,0.000000,4,4,0.004197,482
November_Over__25K_Transparency.csv,supplier_type,953,20,0.020986,0,20,0.020986,26
November_Over__25K_Transparency.csv,contract_number,953,539,0.565582,19,558,0.585519,270
November_Over__25K_Transparency.csv,project_code,953,87,0.091291,19,106,0.111228,479
November_Over__25K_Transparency.csv,expenditure_type,953,17,0.017838,0,17,0.017838,26
November_Over__25K_Transparency.csv,vat_registration_number,953,185,0.194124,6,191,0.200420,361
Over++_25K++Mar+2025-Rev.csv,comments,2467,2467,1.000000,0,2467,1.000000,0
Over++_25K++Mar+2025-Rev.csv,department,2467,0,0.000000,0,0,0.000000,1
Over++_25K++Mar+2025-Rev.csv,entity,2467,0,0.000000,0,0,0.000000,13
Over++_25K++Mar+2025-Rev.csv,transaction_date_raw,2467,0,0.000000,0,0,0.000000,22
Over++_25K++Mar+2025-Rev.csv,expense_type,2467,26,0.010539,0,26,0.010539,168
Over++_25K++Mar+2025-Rev.csv,expense_area,2467,46,0.018646,0,46,0.018646,420
Over++_25K++Mar+2025-Rev.csv,supplier,2467,0,0.000000,0,0,0.000000,1191
Over++_25K++Mar+2025-Rev.csv,transaction_number,2467,46,0.018646,0,46,0.018646,2391
Over++_25K++Mar+2025-Rev.csv,amount_raw,2467,0,0.000000,0,0,0.000000,2279
Over++_25K++Mar+2025-Rev.csv,po_category_description,2467,0,0.000000,0,0,0.000000,203
Over++_25K++Mar+2025-Rev.csv,supplier_postcode,2467,5,0.002027,8,13,0.005270,1151
Over++_25K++Mar+2025-Rev.csv,supplier_type,2467,72,0.029185,0,72,0.029185,30
Over++_25K++Mar+2025-Rev.csv,contract_number,2467,1479,0.599514,34,1513,0.613296,535
Over++_25K++Mar+2025-Rev.csv,project_code,2467,889,0.360357,17,906,0.367248,787
Over++_25K++Mar+2025-Rev.csv,expenditure_type,2467,32,0.012971,0,32,0.012971,43
Over++_25K++Mar+2025-Rev.csv,vat_registration_number,2467,625,0.253344,6,631,0.255776,772
Over_25K_Transparency_report_April_25.csv,comments,1103,1103,1.000000,0,1103,1.000000,0
Over_25K_Transparency_report_April_25.csv,department,1103,0,0.000000,0,0,0.000000,1
Over_25K_Transparency_report_April_25.csv,entity,1103,0,0.000000,0,0,0.000000,11
Over_25K_Transparency_report_April_25.csv,transaction_date_raw,1103,0,0.000000,0,0,0.000000,26
Over_25K_Transparency_report_April_25.csv,expense_type,1103,1,0.000907,0,1,0.000907,121
Over_25K_Transparency_report_April_25.csv,expense_area,1103,1,0.000907,0,1,0.000907,312
Over_25K_Transparency_report_April_25.csv,supplier,1103,0,0.000000,0,0,0.000000,606
Over_25K_Transparency_report_April_25.csv,transaction_number,1103,2,0.001813,0,2,0.001813,1091
Over_25K_Transparency_report_April_25.csv,amount_raw,1103,0,0.000000,0,0,0.000000,1046
Over_25K_Transparency_report_April_25.csv,po_category_description,1103,0,0.000000,0,0,0.000000,121
Over_25K_Transparency_report_April_25.csv,supplier_postcode,1103,2,0.001813,1,3,0.002720,568
Over_25K_Transparency_report_April_25.csv,supplier_type,1103,21,0.019039,0,21,0.019039,24
Over_25K_Transparency_report_April_25.csv,contract_number,1103,481,0.436083,2,483,0.437897,386
Over_25K_Transparency_report_April_25.csv,project_code,1103,389,0.352675,2,391,0.354488,393
Over_25K_Transparency_report_April_25.csv,expenditure_type,1103,23,0.020852,0,23,0.020852,26
Over_25K_Transparency_report_April_25.csv,vat_registration_number,1103,199,0.180417,4,203,0.184044,437
Over__25K_Feb_26.csv,comments,1099,1099,1.000000,0,1099,1.000000,0
Over__25K_Feb_26.csv,department,1099,0,0.000000,0,0,0.000000,1
Over__25K_Feb_26.csv,entity,1099,0,0.000000,0,0,0.000000,12
Over__25K_Feb_26.csv,transaction_date_raw,1099,0,0.000000,0,0,0.000000,40
Over__25K_Feb_26.csv,expense_type,1099,0,0.000000,0,0,0.000000,127
Over__25K_Feb_26.csv,expense_area,1099,0,0.000000,0,0,0.000000,315
Over__25K_Feb_26.csv,supplier,1099,0,0.000000,0,0,0.000000,523
Over__25K_Feb_26.csv,transaction_number,1099,7,0.006369,0,7,0.006369,1077
Over__25K_Feb_26.csv,amount_raw,1099,0,0.000000,0,0,0.000000,1048
Over__25K_Feb_26.csv,po_category_description,1099,0,0.000000,0,0,0.000000,123
Over__25K_Feb_26.csv,supplier_postcode,1099,0,0.000000,0,0,0.000000,514
Over__25K_Feb_26.csv,supplier_type,1099,8,0.007279,0,8,0.007279,35
Over__25K_Feb_26.csv,contract_number,1099,609,0.554140,12,621,0.565059,282
Over__25K_Feb_26.csv,project_code,1099,322,0.292994,12,334,0.303913,485
Over__25K_Feb_26.csv,expenditure_type,1099,15,0.013649,0,15,0.013649,45
Over__25K_Feb_26.csv,vat_registration_number,1099,184,0.167425,1,185,0.168335,396
Over__25K_Transparency_Jan_26.csv,comments,921,921,1.000000,0,921,1.000000,0
Over__25K_Transparency_Jan_26.csv,department,921,0,0.000000,0,0,0.000000,1
Over__25K_Transparency_Jan_26.csv,entity,921,0,0.000000,0,0,0.000000,11
Over__25K_Transparency_Jan_26.csv,transaction_date_raw,921,0,0.000000,0,0,0.000000,41
Over__25K_Transparency_Jan_26.csv,expense_type,921,0,0.000000,0,0,0.000000,113
Over__25K_Transparency_Jan_26.csv,expense_area,921,0,0.000000,0,0,0.000000,279
Over__25K_Transparency_Jan_26.csv,supplier,921,0,0.000000,0,0,0.000000,468
Over__25K_Transparency_Jan_26.csv,transaction_number,921,3,0.003257,0,3,0.003257,906
Over__25K_Transparency_Jan_26.csv,amount_raw,921,0,0.000000,0,0,0.000000,886
Over__25K_Transparency_Jan_26.csv,po_category_description,921,0,0.000000,0,0,0.000000,108
Over__25K_Transparency_Jan_26.csv,supplier_postcode,921,1,0.001086,4,5,0.005429,455
Over__25K_Transparency_Jan_26.csv,supplier_type,921,18,0.019544,0,18,0.019544,30
Over__25K_Transparency_Jan_26.csv,contract_number,921,483,0.524430,14,497,0.539631,284
Over__25K_Transparency_Jan_26.csv,project_code,921,278,0.301846,11,289,0.313789,397
Over__25K_Transparency_Jan_26.csv,expenditure_type,921,21,0.022801,0,21,0.022801,22
Over__25K_Transparency_Jan_26.csv,vat_registration_number,921,162,0.175896,13,175,0.190011,345
Over__25K_Transparency_July.csv,comments,1063,1063,1.000000,0,1063,1.000000,0
Over__25K_Transparency_July.csv,department,1063,0,0.000000,0,0,0.000000,1
Over__25K_Transparency_July.csv,entity,1063,0,0.000000,0,0,0.000000,12
Over__25K_Transparency_July.csv,transaction_date_raw,1063,0,0.000000,0,0,0.000000,27
Over__25K_Transparency_July.csv,expense_type,1063,0,0.000000,0,0,0.000000,114
Over__25K_Transparency_July.csv,expense_area,1063,0,0.000000,0,0,0.000000,276
Over__25K_Transparency_July.csv,supplier,1063,0,0.000000,0,0,0.000000,566
Over__25K_Transparency_July.csv,transaction_number,1063,4,0.003763,0,4,0.003763,1047
Over__25K_Transparency_July.csv,amount_raw,1063,0,0.000000,0,0,0.000000,901
Over__25K_Transparency_July.csv,po_category_description,1063,0,0.000000,0,0,0.000000,98
Over__25K_Transparency_July.csv,supplier_postcode,1063,0,0.000000,1,1,0.000941,561
Over__25K_Transparency_July.csv,supplier_type,1063,25,0.023518,0,25,0.023518,25
Over__25K_Transparency_July.csv,contract_number,1063,502,0.472248,8,510,0.479774,291
Over__25K_Transparency_July.csv,project_code,1063,454,0.427093,8,462,0.434619,364
Over__25K_Transparency_July.csv,expenditure_type,1063,21,0.019755,0,21,0.019755,29
Over__25K_Transparency_July.csv,vat_registration_number,1063,170,0.159925,8,178,0.167451,433
September_Over__25K_Transparency.csv,comments,1169,1169,1.000000,0,1169,1.000000,0
September_Over__25K_Transparency.csv,department,1169,0,0.000000,0,0,0.000000,1
September_Over__25K_Transparency.csv,entity,1169,0,0.000000,0,0,0.000000,11
September_Over__25K_Transparency.csv,transaction_date_raw,1169,0,0.000000,0,0,0.000000,28
September_Over__25K_Transparency.csv,expense_type,1169,0,0.000000,0,0,0.000000,111
September_Over__25K_Transparency.csv,expense_area,1169,0,0.000000,0,0,0.000000,292
September_Over__25K_Transparency.csv,supplier,1169,0,0.000000,0,0,0.000000,650
September_Over__25K_Transparency.csv,transaction_number,1169,10,0.008554,0,10,0.008554,1150
September_Over__25K_Transparency.csv,amount_raw,1169,0,0.000000,0,0,0.000000,1117
September_Over__25K_Transparency.csv,po_category_description,1169,0,0.000000,0,0,0.000000,121
September_Over__25K_Transparency.csv,supplier_postcode,1169,1,0.000855,0,1,0.000855,631
September_Over__25K_Transparency.csv,supplier_type,1169,21,0.017964,0,21,0.017964,25
September_Over__25K_Transparency.csv,contract_number,1169,718,0.614200,9,727,0.621899,272
September_Over__25K_Transparency.csv,project_code,1169,533,0.455945,3,536,0.458512,405
September_Over__25K_Transparency.csv,expenditure_type,1169,11,0.009410,0,11,0.009410,23
September_Over__25K_Transparency.csv,vat_registration_number,1169,204,0.174508,1,205,0.175364,493
