metric,value
source_file_count,12
raw_row_count,13830
parsed_date_row_count,13830
actual_min_transaction_date,2025-03-03
actual_max_transaction_date,2026-02-27
in_analysis_period_row_count,13830
outside_analysis_period_row_count,0
source_month_discrepancy_rows,72
quarantined_rows,0
warning_rows,258
valid_rows,13572
missing_supplier_rows,0
missing_transaction_number_rows,123
invalid_or_missing_date_rows,0
invalid_or_missing_amount_rows,0
non_positive_amount_rows,49
absolute_amount_below_25000_rows,38
blank_contract_number_rows,7533
sentinel_contract_number_rows,150
effective_missing_contract_number_rows,7683
blank_project_code_rows,4708
sentinel_project_code_rows,117
effective_missing_project_code_rows,4825
amount_min_gbp,-467177.21
amount_median_gbp,83928.07
amount_p99_gbp,3713137.82
amount_max_gbp,200000000
exact_duplicate_groups,87
exact_duplicate_rows_involved,221
exact_duplicate_additional_occurrences,134
exact_cross_file_groups,0
exact_duplicate_additional_by_file,"{""Defra__25k_May_25.csv"":127,""November_Over__25K_Transparency.csv"":5,""Over__25K_Transparency_Jan_26.csv"":2}"
business_duplicate_candidate_groups,190
business_duplicate_candidate_rows,468
business_duplicate_cross_file_groups,39
business_duplicate_cross_file_rows,78
