check_name,status,actual,expected,severity
row_count_departments,PASS,12,12,critical
row_count_vendors,PASS,125,125,critical
row_count_contracts,PASS,200,200,critical
row_count_expenses,PASS,5000,5000,critical
row_count_converted_expenses,PASS,5000,5000,critical
row_count_approval_events,PASS,20000,20000,critical
row_count_approval_cycles,PASS,5000,5000,critical
row_count_survey_responses,PASS,300,300,critical
unique_departments_department_id,PASS,12,12,critical
unique_vendors_vendor_id,PASS,125,125,critical
unique_contracts_contract_id,PASS,200,200,critical
unique_expenses_expense_id,PASS,5000,5000,critical
unique_converted_expenses_expense_id,PASS,5000,5000,critical
unique_approval_events_event_id,PASS,20000,20000,critical
unique_approval_cycles_expense_id,PASS,5000,5000,critical
unique_survey_responses_response_id,PASS,300,300,critical
expense_department_fk,PASS,0,0,critical
expense_vendor_fk,PASS,0,0,critical
contract_vendor_fk,PASS,0,0,critical
submitted_contract_fk,PASS,0,0,critical
approval_expense_fk,PASS,0,0,critical
survey_vendor_fk,PASS,0,0,critical
currency_distribution,PASS,"{""EUR"": 1250, ""GBP"": 3000, ""USD"": 750}","{""EUR"": 1250, ""GBP"": 3000, ""USD"": 750}",critical
allowed_currencies,PASS,"EUR,GBP,USD","EUR,GBP,USD",critical
expense_date_range,PASS,all rows in range,2025-03-01..2026-02-28,critical
positive_original_amount,PASS,0,0,critical
contract_match_reconciliation,PASS,0,0,critical
contract_date_order,PASS,0,0,critical
fx_conversion_reconciliation,PASS,0,0,critical
fx_rate_not_after_transaction,PASS,0,0,critical
approval_event_sequence,PASS,0,0,critical
survey_rating_range,PASS,0,0,critical
synthetic_lineage_labels,PASS,0,0,critical
defra_lineage_unchanged,PASS,0,0,critical
quarantine_count,PASS,0,0,high
