source_record_id,source_file,source_month,source_row_number,ingestion_timestamp,record_origin,is_synthetic,comments,department,entity,transaction_date_raw,expense_type,expense_area,supplier,transaction_number,amount_raw,po_category_description,supplier_postcode,supplier_type,contract_number,project_code,expenditure_type,vat_registration_number,transaction_date,amount_gbp,currency_code,exact_record_hash,business_key,date_parse_status,amount_parse_status,source_month_match,quality_status,quality_issues
72e2fcce44ee4b8af1b36909b30e208d8072118f267afd273c478ca481ac3d48,Over_25K_Transparency_report_April_25.csv,2025-04,7,2026-09-23T00:00:00+00:00,real_public_defra,false,,DE,AHDB,28/03/2025,Invoice,Market Research,AC Nielsen Company Ltd,9098081218,"£74,395.00",Livestock & RCI,OX4 2WB,,,136208,,663603929,2025-03-28,74395.00,GBP,8c3b9adc4f188cb907b3970e3c6309975112553b1980291806d0cecea068893a,d7933eee2cbecd11948398b6f4d3d24b51ff0ffbdc56880f9f5a6e6821562b7e,valid,valid,false,warning,transaction_date_outside_source_month
0f6cf723f8f66a34c58c575c581d344c252b3fcdd0a365650ce959b8d2718288,Over_25K_Transparency_report_April_25.csv,2025-04,11,2026-09-23T00:00:00+00:00,real_public_defra,false,,DE,AHDB,07/03/2025,Invoice,Research,Agricarbon UK Limited,INV-0509,"£32,023.03",Environment,DD2 5NQ,,,136229,,GB 317 080 524,2025-03-07,32023.03,GBP,7eb13389929ad27905495cbe6c65507c213d7b3756fad35d7d35047c1a398fdd,2bc2bebe5ca578d867b74daf857eed46b1988033a433d86ca4976a14028db8b2,valid,valid,false,warning,transaction_date_outside_source_month
51793deb8eb14c67311fc759730792ab08de69637d432a210a3329492d4d4f58,Over_25K_Transparency_report_April_25.csv,2025-04,81,2026-09-23T00:00:00+00:00,real_public_defra,false,,DE,AHDB,21/03/2025,Invoice,Printing and Publications,Cision Group Ltd,INV_UKCG019317,"£54,060.00",Printing and Publications,E14 5HU,,,136115,,757158012,2025-03-21,54060.00,GBP,cc4f66db255141fe525112e26ac0e6fc6b7913a91901f963a64ab6d308cb60c6,5aa83e81b524fd3e6f75ca3a008137067af4d85935e5da803adfe17341c277be,valid,valid,false,warning,transaction_date_outside_source_month
060bff0429ac9c1c63c7b387835da68bd824cf120e05782814a234420e35202b,Over_25K_Transparency_report_April_25.csv,2025-04,128,2026-09-23T00:00:00+00:00,real_public_defra,false,,DE,AHDB,31/03/2025,Invoice,Domestic Marketing,Daughter Studio Limited,INV-1085,"£48,260.70",A75 Pork Consumer Campaign,CV32 4DW,,,136110,,250 3200 65,2025-03-31,48260.70,GBP,10a3838ca2f326221cbe24cdf20168392b21c65f76b2eb72241b2e8bb9f44043,3b21f65a13c42c3b37f5d42292d99069527fcc4180ea2d461907c33f0b90cffb,valid,valid,false,warning,transaction_date_outside_source_month
1635073f3c1ee8bfb96d5398fd5a3c09416b074c0dcfff226d35e9321f4280a0,Over_25K_Transparency_report_April_25.csv,2025-04,129,2026-09-23T00:00:00+00:00,real_public_defra,false,,DE,AHDB,14/03/2025,Invoice,Domestic Marketing,Daughter Studio Limited,INV-1080,"£40,140.00",A75 Pork Consumer Campaign,CV32 4DW,,,136110,,250 3200 65,2025-03-14,40140.00,GBP,ae4d1802507f986937db65cd9289268f7088b37074dc7082b2b226552eb731e9,f65373a1533f56e20b55c76498f1bd09651ed08758546d2c3a5b32b9c07f3f8d,valid,valid,false,warning,transaction_date_outside_source_month
6010cacf85b75fabb4320ba03b76431316200843efa9560c5820928027511b87,Over_25K_Transparency_report_April_25.csv,2025-04,155,2026-09-23T00:00:00+00:00,real_public_defra,false,,DE,AHDB,28/03/2025,Invoice,Library,Elsevier B.V,MSI2200000002,"£26,874.43","Books, journals and publications",1043,,,136197,,NULL,2025-03-28,26874.43,GBP,124f368ba4746b6c1c7af828e8e9f4ee9b6194cdf315921ccef8c1ce7ad57de1,6f65ddc3f4a122439502160087d3fb23f8285d88e626f4ba21ea983a959b7d97,valid,valid,false,warning,transaction_date_outside_source_month
f3a66614dc84000b718ee3b296640040b7a36fd26ff58c6206cfb4ff5eb4109a,Over_25K_Transparency_report_April_25.csv,2025-04,170,2026-09-23T00:00:00+00:00,real_public_defra,false,,DE,AHDB,07/03/2025,Invoice,Exports,Export Certification Limited,INV-1245,"£25,875.00",International Trade Development,CB1 0JS,,,136051,,NULL,2025-03-07,25875.00,GBP,f2aa302911e495c00036caa37671025ccb912a1f1bfb56e9c610d93acb05781d,caf2464531fa5b945c3a586dac980c8c9374b62877facd8aa8406dbecf8e07c0,valid,valid,false,warning,transaction_date_outside_source_month
3cc73e60a61a879da8054549efb3f79862390c42527ef1584a2aeeaf781bfeb1,Over_25K_Transparency_report_April_25.csv,2025-04,181,2026-09-23T00:00:00+00:00,real_public_defra,false,,DE,AHDB,28/03/2025,Invoice,Research,Fera Science Ltd,INV4873,"£32,942.33",C&O Recommended Lists,YO41 1LZ,,,136059,,456401013,2025-03-28,32942.33,GBP,d6a5e27c264857242b880c22e80c8e7fd6659da6280f04bf6b02657ce87d4137,362123ca4df308d5725b9a3c428d9fe675aa26eafdb64bed77b7ffd10f3d3fd7,valid,valid,false,warning,transaction_date_outside_source_month
c17e0081cdd6e888783ed102cf4034853430e0b27548f7ba308d27d725e92a46,Over_25K_Transparency_report_April_25.csv,2025-04,199,2026-09-23T00:00:00+00:00,real_public_defra,false,,DE,AHDB,21/03/2025,Invoice,Exports,Green Seed (The Netherlands) BV,110001571,"£41,220.91",International Trade Development,NULL,,,136198,,NULL,2025-03-21,41220.91,GBP,fb380f31e9f7b201ffa6cf04f222792e0cadf1f01fb0f6fb420cc7cf88c402a9,f52c9be1e42401334760381f2207434204dec4974a33635ca6aa7ce9df5ec2f8,valid,valid,false,warning,transaction_date_outside_source_month
6b577f188975246ab56165c710cb9da70a41ac2de856b7a14f3e248e37c35f9f,Over_25K_Transparency_report_April_25.csv,2025-04,202,2026-09-23T00:00:00+00:00,real_public_defra,false,,DE,AHDB,28/03/2025,Invoice,Finance - Accounts Payable,Harper Adams University,SINV.12984,"£36,000.00",Foreign exchange gains and losses,TF10 8NB,,,136117,,159 1448 48,2025-03-28,36000.00,GBP,eb6a78988388822276ac55692214e3b1ddc5350a30b16584cf8009d6c74bf5ef,885f303c45223cbc932aeb5e9d97d70a97f812fe09164a5f5a9165246e6fc1ae,valid,valid,false,warning,transaction_date_outside_source_month
a6f5061d8e710a04e7ce212b4c4772a47499f4da45abe5cb775f62a0c46126dc,Over_25K_Transparency_report_April_25.csv,2025-04,253,2026-09-23T00:00:00+00:00,real_public_defra,false,,DE,AHDB,14/03/2025,Invoice,Research,Ken Burgess Consulting,KBC2025/02,"£25,100.00",A4 Expert Analysis & Insight / Market Drivers,NG2 7BP,,,136039,,NULL,2025-03-14,25100.00,GBP,ce1456d64c2d12434a502ebe494e7f25ade62aca70a39a0c6a3d7524be5bbf35,684a35889638e58dc1fde9dd2f5653a25da2189ee7f48c21f32ca3d15b1c1b7f,valid,valid,false,warning,transaction_date_outside_source_month
2a3d8aeb54b8532e0911be6f9fc66b561eb62fcb1afd7c02c541b47f6a2f6853,Over_25K_Transparency_report_April_25.csv,2025-04,290,2026-09-23T00:00:00+00:00,real_public_defra,false,,DE,AHDB,21/03/2025,Invoice,Export Events,Mölo Expo – Juan Pablo Sorkin Iglesias,202509,"£28,745.15",A17 Export Trade Promotion/Shows/Conferences/Exhibitions,8014,,,136052,,ES25370459X,2025-03-21,28745.15,GBP,64bf7875d970c07342e1c635113af6996f0e2944b60a56637c726bd8da357db2,839551c90bba3596bcd539fe171e354c0aa9d0dd9bb9fd686d73e591301f77bc,valid,valid,false,warning,transaction_date_outside_source_month
1c2d84a6aaec4a8017186a7f1f8f29e250348152b215183a9336ea62e0965561,Over_25K_Transparency_report_April_25.csv,2025-04,299,2026-09-23T00:00:00+00:00,real_public_defra,false,,DE,AHDB,21/03/2025,Invoice,Domestic Marketing,Nectar 360Services LLP,N3600087700,"£26,437.50",A75 Pork Consumer Campaign,WC2R 0NN,,,136110,,GB142860713,2025-03-21,26437.50,GBP,f0edabd097b0a6b705350df16d6ce2f3f67d5fe9ec40b82d7beb44c454a701d3,a0047d7b2430e611bdcdf4bd5d90098c348a59fe5f61da37167a3e3844ea3bea,valid,valid,false,warning,transaction_date_outside_source_month
01df3d8142a1d4f2d07a59a4f8ff362c50421a861ce0547665ccd4d944432b05,Over_25K_Transparency_report_April_25.csv,2025-04,375,2026-09-23T00:00:00+00:00,real_public_defra,false,,DE,AHDB,28/03/2025,Invoice,Research,RSK ADAS Ltd,SI6948158,"£38,078.00",Crop Health & IPM,WA6 0AR,,,136058,,256 4358 86,2025-03-28,38078.00,GBP,3c112202d9c60226df7bc656b3f385737bced321235d128659f61761b45307bd,603075f6ebbd34cd5dc41289e92b32a02fa342f8474ef308ccfa9f85e698917c,valid,valid,false,warning,transaction_date_outside_source_month
4b440576fa9fdaae56c22178daf3e4930ea691ea3e77c65967c1d2c5c08f03d7,Over_25K_Transparency_report_April_25.csv,2025-04,400,2026-09-23T00:00:00+00:00,real_public_defra,false,,DE,AHDB,28/03/2025,Invoice,Research,SRUC Innovation Limited,201322700,"£105,271.25",A47 Dairy Genetics Services,EH9 3JG,,,136082,,435882817,2025-03-28,105271.25,GBP,adb1d85fca536298cacccd8231af7becbf5c088a3e9ea3adad02ce638498e829,2076346e4ab1e19b093081c9e7096ac82642c9d80815ed1f3d51f09fe44f31e6,valid,valid,false,warning,transaction_date_outside_source_month
05656f36a8abe190be434247d5c1637baa9eadd3da254bc3d563c22044ad760d,Over_25K_Transparency_report_April_25.csv,2025-04,401,2026-09-23T00:00:00+00:00,real_public_defra,false,,DE,AHDB,07/03/2025,Invoice,Research,SRUC Innovation Limited,201322297,"£30,445.75",A48 Sheep Genetics Services,EH9 3JG,,,136083,,435882817,2025-03-07,30445.75,GBP,74b422fa694520894fde8fd77a55561e6af38d4db237e0822894bbd032ae3714,0bd0b14bc075c32a72a1ab0f1a7410ff94e0c145f8d86d7af9c2430d561832db,valid,valid,false,warning,transaction_date_outside_source_month
7d730dc2ac6a4e1b21dcd3a4bb074b442483c85cef5de8543ffa906e56d301d2,Over_25K_Transparency_report_April_25.csv,2025-04,402,2026-09-23T00:00:00+00:00,real_public_defra,false,,DE,AHDB,07/03/2025,Invoice,Research,SRUC Innovation Limited,201322299,"£30,445.75",A48 Sheep Genetics Services,EH9 3JG,,,136083,,435882817,2025-03-07,30445.75,GBP,df86f5a1214cdd052e19e15ac858e77c5c8f5d7f83d736fd3f666883ce762145,60a33134cea7ae7dcea1b960b6efc6572634a965facaf235717e38a14ed8b854,valid,valid,false,warning,transaction_date_outside_source_month
1932cfdc1bc6e3b765ce262e6acdfd106cf674014d1cfb7ea17c4145d07037c7,Over_25K_Transparency_report_April_25.csv,2025-04,403,2026-09-23T00:00:00+00:00,real_public_defra,false,,DE,AHDB,21/03/2025,Invoice,Research,SRUC Innovation Limited,201322701,"£26,317.75",A47 Dairy Genetics Services,EH9 3JG,,,136082,,435882817,2025-03-21,26317.75,GBP,7ab9519fc8c50cc83ec1658f6303b4edf5482681be8d04da8c5984c4409e1277,b4662ec72b28831c5102729b6c6dfb7c0a04eb667508157a8a05c34f24af8eb4,valid,valid,false,warning,transaction_date_outside_source_month
6ddbbf257c85e02159ad3d52cffd4c45b63a717ef39355d0e6abebb13e20bcdb,Over_25K_Transparency_report_April_25.csv,2025-04,424,2026-09-23T00:00:00+00:00,real_public_defra,false,,DE,AHDB,28/03/2025,Invoice,Domestic Marketing Activites,the7Stars UK Limited,135804,"£589,989.65",A55 Let's Eat Balanced Consumer Campaign,WC2B 4PJ,,,136090,,341652319,2025-03-28,589989.65,GBP,b6aae9c3e2b39fa89667603665044d6d34367f7826b280cee1d27c19235eb7a0,5d4bb10b01f7cee2aaf2c28604141eb0ee03cadac9bb5fe6418f569e67a67c7a,valid,valid,false,warning,transaction_date_outside_source_month
327d88451c5c1863354a7ec4a4ead7deb025544767db2ba4bbd3da1c4cfa79d4,Over_25K_Transparency_report_April_25.csv,2025-04,483,2026-09-23T00:00:00+00:00,real_public_defra,false,,DE,AHDB,05/03/2025,Invoice,Domestic Marketing Activites,Wm Morrison Supermarkets PLC,3650180,"£51,015.00",A75 Pork Consumer Campaign,BD3 7DL,,,136110,,343475355,2025-03-05,51015.00,GBP,a1c8875862b4cb52566f00d4b035b02dc31fc4d7f19a5cfd54e64d3aa2cb683f,beb5388024077108fd43542a9ed4f3205b2a75d3c7d253baa139210865bf3aaf,valid,valid,false,warning,transaction_date_outside_source_month
dc5fbda27e77dd9d20795a69631f20d48ecb35099225cab19c3af9a222b71492,Defra_Over__25k_June_2025.csv,2025-06,398,2026-09-23T00:00:00+00:00,real_public_defra,false,,DEFRA,CCW,02/07/2025,Research & Design,Evidence & Insights,DJS RESEARCH LTD,10303,35557.5,Research & Design,SK6 7GH,LARGE,N/A,N/A,Programme,GB775718779,2025-07-02,35557.5,GBP,937b780c9965e9f82db7a67fe68f9838c19da8db8e9162f95e92f1fd589a1333,55bd1810cf55c13d9d8b5c8b08dd7189f8b7ea60405bc360a47d279a8cf65616,valid,valid,false,warning,transaction_date_outside_source_month
01acb59e5a09bca11b9ed0f18adcd435951fb8764260ca269466b34ceaaacefa,Defra_Over__25k_June_2025.csv,2025-06,461,2026-09-23T00:00:00+00:00,real_public_defra,false,,DEFRA,NFC,27/05/2025,Design Project,Conkers,Haley Sharpe Design Limited,,35388.6,Leisure Services,LE1 1TG,Services - Design Agency,,,,276859636,2025-05-27,35388.6,GBP,0c7b04afe9b76c1b11490f3f16f8fe09331e9788d8a472ce2503f62bfc39ebce,,valid,valid,false,warning,transaction_number_missing|transaction_date_outside_source_month
9014da3fde5ae5ba02d093a786f22e82e8c15a74c6aba250577b1f913cc346df,Defra_Over__25k_June_2025.csv,2025-06,462,2026-09-23T00:00:00+00:00,real_public_defra,false,,DEFRA,NFC,29/05/2025,Management Fees,Conkers,Planning Solutions Ltd,,105941.32,Leisure Services,PO9 1EE,Services - operator of a visitor attraction centre,,,,417632457,2025-05-29,105941.32,GBP,fe876929300fcedb78fd6636df5679a51d0cbc0fff2063063a650291df881b60,,valid,valid,false,warning,transaction_number_missing|transaction_date_outside_source_month
7deb37707ddbe28abf93ba557458ad3bd9fb32f1bf96df9fab72538e9ec63d8c,Defra_Over__25k_June_2025.csv,2025-06,463,2026-09-23T00:00:00+00:00,real_public_defra,false,,DEFRA,NFC,29/05/2025,Management Fees,Conkers,Planning Solutions Ltd,,98700.05,Leisure Services,PO9 1EE,Services - operator of a visitor attraction centre,,,,417632457,2025-05-29,98700.05,GBP,589a0bf77ea5758584ce07ac48d786ecc17fe2e1a3966a72a812eb593285499f,,valid,valid,false,warning,transaction_number_missing|transaction_date_outside_source_month
88ff2270a71ab1166bcc22dc4f230fd0c1b6af4dbe5766b976381da69402f4a9,Defra_Over__25k_June_2025.csv,2025-06,464,2026-09-23T00:00:00+00:00,real_public_defra,false,,DEFRA,JNCC,15/05/2025,Contributions to Projects with Partners,Marine Species,UNIVERSITY OF OXFORD,,250767.06,A23-0699-1834 Year 2 costs WP1 01/04/24 to 31/03/25,OX1 2XN,,A23-0699-1834,195,Marine Species,,2025-05-15,250767.06,GBP,f7753e4b0d903514cc99e9d1cfda09562bdc137864ab2fd998077fa2a7b0bc2d,,valid,valid,false,warning,transaction_number_missing|transaction_date_outside_source_month
fc416c4bf2777da47898c414134580deb7d5d95f84c813f4f8dcb68a5ecf46a7,Defra_Over__25k_June_2025.csv,2025-06,465,2026-09-23T00:00:00+00:00,real_public_defra,false,,DEFRA,JNCC,15/05/2025,Contributions to Projects with Partners,Marine Species,UNIVERSITY OF GLOUCESTERSHIRE,,147853,A23-0699-1834 Year 2 costs WP4 01/04/24 to 31/03/25,GL50 2RH,,A23-0699-1834,195,Marine Species,,2025-05-15,147853,GBP,d594707d034b3568a0186f7626ac540746488728dcd2796459a7bac648deece3,,valid,valid,false,warning,transaction_number_missing|transaction_date_outside_source_month
89d3b112ab31da824f5e4a6276164c5b25a66da4b5dc45e49ccccff0467a193b,Defra_Over__25k_June_2025.csv,2025-06,466,2026-09-23T00:00:00+00:00,real_public_defra,false,,DEFRA,JNCC,15/05/2025,Contracted Out Conservation Services,Marine Protected Areas - International,WILDLIFE CONSERVATION SOCIETY (WCS) MOZAMBIQUE,,82648.71,C24-0604-1952 MPA Network Expansion,Unknown,,C24-0604-1952,185,Marine Protected Areas - International,,2025-05-15,82648.71,GBP,9758fb383937d3d2d042f90f2a3e7a6e79bb96702c99bdc4392213db93446929,,valid,valid,false,warning,transaction_number_missing|transaction_date_outside_source_month
26068ee9484356fe2d78ada7cc98f261e6769bc4224ff952fd0eb15bf13033ad,Defra_Over__25k_June_2025.csv,2025-06,468,2026-09-23T00:00:00+00:00,real_public_defra,false,,DEFRA,JNCC,15/05/2025,Contracted Out Conservation Services,Nature Conservation Policy & Advice,FERA SCIENCE LTD,,32977.21,F21-0708-1581 (151) Ecosystem Service Maps up to 31 March 2025,YO41 1LZ,,F21-0708-1581 (151),200,Nature Conservation Policy & Advice,,2025-05-15,32977.21,GBP,34b8ba62f3dadf521936bdcef93c01febbeb41c9396904c13c9d9c819092c08d,,valid,valid,false,warning,transaction_number_missing|transaction_date_outside_source_month
7671d6a106fdf70bfcc0ffb9f01ed41945ac8b119dbd11da85c5d275b5d3c6cc,Defra_Over__25k_June_2025.csv,2025-06,469,2026-09-23T00:00:00+00:00,real_public_defra,false,,DEFRA,JNCC,13/05/2025,Contracted Out Conservation Services,Marine Management,APEM LTD,,29670.08,C24-0619-1936 Guidance undertaking noise impact assessments,SK4 3GN,,C24-0619-1936,175,Marine Management,,2025-05-13,29670.08,GBP,3a440263ff69e7fbe3330a7d7014b3953437899bb3a28978409155cc5fa21fe0,,valid,valid,false,warning,transaction_number_missing|transaction_date_outside_source_month
41219d6f63754c86b386cea7f062e8ef7fdf2da445d7683c8fad2a1e02b1b44e,Defra_Over__25k_June_2025.csv,2025-06,472,2026-09-23T00:00:00+00:00,real_public_defra,false,,DEFRA,JNCC,21/05/2025,Other Consultancies (Scientific),Pollution - UK,RICARDO ENERGY & ENVIRONMNENT LTD,,37144,C23-0443-1869 APAS System Software S&D April 2025,OX11 0QR,,C23-0443-1869,215,Pollution - UK,,2025-05-21,37144,GBP,7c18b921160f2eb4edcdf4429fe210f473740ba68e500f1872c4fb251a89bd11,,valid,valid,false,warning,transaction_number_missing|transaction_date_outside_source_month
5492625a27fb8577b4e87b73cfecf6571088f65379975f1bdd98ca18bd0a2f92,Over__25K_Transparency_July.csv,2025-07,489,2026-09-23T00:00:00+00:00,real_public_defra,false,,DE,JNCC,21-May-25,Other Consultancies (Scientific),Pollution - UK,RICARDO ENERGY & ENVIRONMNENT LTD,,"£37,144.00",Software,OX11 0QR,,C23-0443-1869,215,Pollution - UK,,2025-05-21,37144.00,GBP,234b07de0765e45e4cfd80402190b4c8889d11208d53e8a6cb344d9262a576e3,,valid,valid,false,warning,transaction_number_missing|transaction_date_outside_source_month
b068212bcd2ba1fd525a54ed3d80529de149b4c9d87b458fd4947e8ef4d4ab72,Over__25K_Transparency_July.csv,2025-07,490,2026-09-23T00:00:00+00:00,real_public_defra,false,,DE,JNCC,09-Jun-25,Other Consultancies (Scientific),Pollution - UK,RICARDO ENERGY & ENVIRONMNENT LTD,,"£27,590.00",Software,OX11 0QR,,C23-0443-1869,215,Pollution - UK,,2025-06-09,27590.00,GBP,69eaf2fb0806abd19e0dde115f849a4fd9479c384f2bb983f5106219c496b13c,,valid,valid,false,warning,transaction_number_missing|transaction_date_outside_source_month
c8a6f91b6460b643aa221ec173c619e336d1b8cd9f521a4109d57c71cbbcd744,Over__25K_Transparency_July.csv,2025-07,491,2026-09-23T00:00:00+00:00,real_public_defra,false,,DE,JNCC,10-Jun-25,Contributions to Projects with Partners,Pollution - UK,ROYAL BOTANIC GARDENS,,"£128,955.06",Grant,TW9 3AE,,U22-0654-1731,215,Pollution - UK,,2025-06-10,128955.06,GBP,dc373d1f38819f384aa5dbeb1b26cf6600b96ab9d81191376f6cf7ffcca7f29e,,valid,valid,false,warning,transaction_number_missing|transaction_date_outside_source_month
fb66cf48402661831b6bbdb4b989936138fc027c4d44f82cd62cd4dba74d7c88,Over__25K_Transparency_July.csv,2025-07,492,2026-09-23T00:00:00+00:00,real_public_defra,false,,DE,JNCC,19-Jun-25,Contracted Out Conservation Services,Marine Protected Areas - International,INTERNATIONAL WHALING COMMISSION,,"£38,000.00",Training,CB24 9ZR,,C24-0604-1990,185,Marine Protected Areas - International,,2025-06-19,38000.00,GBP,fc9ee1fe97b11c7f71005b91d83db9050a26f657b573e2e2a9d1c6bb9b47605f,,valid,valid,false,warning,transaction_number_missing|transaction_date_outside_source_month
ddebe61f83a0ea70204ed775eb9462d4900e68d86f633a0e05a9aaff34aacc9d,August_Over__25K_Transparency.csv,2025-08,313,2026-09-23T00:00:00+00:00,real_public_defra,false,,DE,JNCC,24/07/2025,Contracted Out Conservation Services,Marine Ecosystems - UK,BRITISH GEOLOGICAL SURVEY (BGS),,"£25,970.82",PA52005-S01 Conservation Services UK sediment map,NG12 5GG,,N/A,0484,Marine Ecosystems - UK,,2025-07-24,25970.82,GBP,cba1049a28c0de9b88cc5ea68a089f9d80b609cc0699000e8a0e13274b5bb786,,valid,valid,false,warning,transaction_number_missing|transaction_date_outside_source_month
8dfe62aba0e03c6305a7dfded80df9f3f2f243af7f46e256ac49818855a0319d,August_Over__25K_Transparency.csv,2025-08,314,2026-09-23T00:00:00+00:00,real_public_defra,false,,DE,JNCC,10/07/2025,Contracted Out Conservation Services,Ecosystems Analysis,BRITISH TRUST FOR ORNITHOLOGY,,"£34,779.00",A22-0379-1693 Goose and Swan Monitoring 1st Quarter,IP24 2PU,,A22-0379-1693,0379,Ecosystems Analysis,,2025-07-10,34779.00,GBP,aea50d972b540f15644b42db8ee1619120121c8573fe71803cd7432d51e99d98,,valid,valid,false,warning,transaction_number_missing|transaction_date_outside_source_month
efae35c2a67f9dbcb63a78f979f991233aba61773f1640623d79e06aeaa30c2d,August_Over__25K_Transparency.csv,2025-08,316,2026-09-23T00:00:00+00:00,real_public_defra,false,,DE,JNCC,24/07/2025,Contracted Out Conservation Services,Marine Protected Areas - International,OIL SPILL RESPONSE LIMITED,,"£25,938.11",C24-0604-1900 ER training Ghana,SO14 5QE,,C24-0604-1900,0604,Marine Protected Areas - International,,2025-07-24,25938.11,GBP,98c9e61c6478368f44d59e57bf32813290940ea77f7b9c9976519e3f61aedf59,,valid,valid,false,warning,transaction_number_missing|transaction_date_outside_source_month
05ca7289b78dc45844e81f1b4469a0692f87879020db66ba6a25c21ef670a1c9,August_Over__25K_Transparency.csv,2025-08,317,2026-09-23T00:00:00+00:00,real_public_defra,false,,DE,JNCC,10/07/2025,Computer Equipment (H&S/Ware),IT Operations,PHOENIX SOFTWARE LIMITED,,"£55,333.20",MS Dynamic licences M365 30 June 2025 to 30 September 2026,YO42 1NS,,N/A,0826,IT Operations,,2025-07-10,55333.20,GBP,8c9e9c6517aed569259a7edf5c74ddabbaea29ec320d8c08a2240454565d5610,,valid,valid,false,warning,transaction_number_missing|transaction_date_outside_source_month
29380b4891ee2ede0fa23237b89bb415f5b2af9bca04ffcd920a6d57ee217d2f,August_Over__25K_Transparency.csv,2025-08,318,2026-09-23T00:00:00+00:00,real_public_defra,false,,DE,JNCC,10/07/2025,Computer Equipment (H&S/Ware),IT Operations,PHOENIX SOFTWARE LIMITED,,"£137,586.60",M365 E5 Windows Enterprise licences 30 June 2025-30 Sept 2026,YO42 1NS,,N/A,0826,IT Operations,,2025-07-10,137586.60,GBP,2c881f402617fdf280181c4d5013f6299feb376edc6a3bf012aef08e5ae204c0,,valid,valid,false,warning,transaction_number_missing|transaction_date_outside_source_month
109d60304794f3ce07768644612a44f80b8f6fa39a1cf8e571fd99b9732fe3c5,September_Over__25K_Transparency.csv,2025-09,22,2026-09-23T00:00:00+00:00,real_public_defra,false,,DE,KEW,19/08/2025,Capital/Equipment,Estates,Alternative Heat,7137360,"£185,452.85",New works-Pt I-other costs,BT32 3QD,UK Supplier,,11733,New works-Pt I-other costs,858745176,2025-08-19,185452.85,GBP,3de6f000569ffe6cf654877bc6d7f2d9a78762ff924b42d017908047c3029c70,f46a570acf47cbee34e04e698203026c6b5453beb7d9aec92dc6ef3e6251a46e,valid,valid,false,warning,transaction_date_outside_source_month
6d7153cab7f7a46e20ce62f5992d8c6da097155a441c529fd57130e625b64e7b,September_Over__25K_Transparency.csv,2025-09,38,2026-09-23T00:00:00+00:00,real_public_defra,false,,DE,KEW,27/08/2025,Consumables & Materials,P1: Ecosystem Stewardship,Azenta UK Ltd,7137401,"£27,571.25",Lab chemicals & materials,CM22 6TA,EU Supplier,,,Lab chemicals & materials,GB100121900,2025-08-27,27571.25,GBP,11be382d480c461995623c91c7a83db9e4bd971e439ff20ab7a74407a769cc98,9b25ef84d83372af14798b5d9d0909de6eb79e8aa6baf85942ff4e19f47004a8,valid,valid,false,warning,transaction_date_outside_source_month
8c51afadb743aab244168fef29fa4105f8a262e34d2f568bed8c67b030249fba,September_Over__25K_Transparency.csv,2025-09,48,2026-09-23T00:00:00+00:00,real_public_defra,false,,DE,KEW,19/08/2025,Capital/Equipment,Estates,Birdsall Decarbonisation Ltd,7137238,"£57,424.03",New works-Pt I-other costs,WCIR 5SG,UK Supplier,,60449,New works-Pt I-other costs,478271654,2025-08-19,57424.03,GBP,2e1a8f4cd7f99af0e27e510ea405607bd016afa3263fba6376583e47512b7f80,277455e3cae77e35bcf106a076feb86e240d9ffd5408c80893b8d4b21b8900ae,valid,valid,false,warning,transaction_date_outside_source_month
97f6af0069367347ad19ef9bf29267ad9f54d1ee5e2f123a9eb30dccaa0068ba,September_Over__25K_Transparency.csv,2025-09,81,2026-09-23T00:00:00+00:00,real_public_defra,false,,DE,KEW,27/08/2025,Capital/Equipment,Estates,Cambridge Glasshouse Ltd,7137621,"£66,866.69",New works-Pt I-other costs,HU15 2RH,UK Supplier,,11208,New works-Pt I-other costs,GB 779 7452 62,2025-08-27,66866.69,GBP,dc3c684aff22bcac2c005e1ff290cd7cc964112d96f521b252ed33612d0486a8,564a6851fe28f5a4c0b44639656c6d6e9b4e9fece4eabcd07ca41fc09f95b1b7,valid,valid,false,warning,transaction_date_outside_source_month
e589bd66b1620646341845694eae2fdbf232da6523f4ae1f575ba42ab4d59fc8,September_Over__25K_Transparency.csv,2025-09,105,2026-09-23T00:00:00+00:00,real_public_defra,false,,DE,KEW,19/08/2025,Capital/Equipment,Estates,CITYAXIS LIMITED,7137277,"£25,002.45",New works-Pt I-other costs,W14 8NS,UK Supplier,,,New works-Pt I-other costs,610 0610 15,2025-08-19,25002.45,GBP,22ebab121af9507314be65b7b5e409524ceb40b6541fc3920bdbe55389479456,709a759d5cf12efa87407647889e53ea0c31dc5f40e31012d6344204bb0411ed,valid,valid,false,warning,transaction_date_outside_source_month
8ad70bdd5d046cc93d79e98ec53df5966e4e4b0e7358d8cc6dc1aaaaa754c1db,September_Over__25K_Transparency.csv,2025-09,106,2026-09-23T00:00:00+00:00,real_public_defra,false,,DE,KEW,12/08/2025,ICT,Living Collections,Climate Controls,7136546,"£28,491.00",Hardware Maintenance and Repairs,GY8 0JD,UK Supplier,,,Hardware Maintenance and Repairs,,2025-08-12,28491.00,GBP,1c473af470a9460a647d108c655adb9b78499780c3bd728e7e07cba04fdf51e9,9b273debf1163ab362c74e4608c094c4a89d177c0e87276dbc23744da39d3dde,valid,valid,false,warning,transaction_date_outside_source_month
ee890542013ff3533e2928ad3c4543760fc91d3311a3fc26c88240040933972f,September_Over__25K_Transparency.csv,2025-09,115,2026-09-23T00:00:00+00:00,real_public_defra,false,,DE,KEW,05/08/2025,Property Related,Estates,Cooper Clarke Construction Ltd,7136651,"£39,491.00",Maintenance-Reactive,ME19 5AA,UK Supplier,,60002,Maintenance-Reactive,683508121,2025-08-05,39491.00,GBP,8b594feadb7fc7079dcd52fee29bda8e99dd2f2bf54ec2102a54aafe5c3d7f8f,f4b60e3fe0cd9bdc5b040a31ba3176be71b714caab4f6a49108da3db7c4ba06f,valid,valid,false,warning,transaction_date_outside_source_month
adba9d389730c37e6267958b237db3f8b8d60e7a87805d2833da29d972043f86,September_Over__25K_Transparency.csv,2025-09,140,2026-09-23T00:00:00+00:00,real_public_defra,false,,DE,KEW,05/08/2025,Capital/Equipment,Estates,DBR (London) Ltd,7136652,"£136,871.72",New works-Pt I-other costs,SW1H 0HW,UK Supplier,,60447,New works-Pt I-other costs,547951310,2025-08-05,136871.72,GBP,c112ba80475b892ac5414043927a5dfa6d5b60e59b1a78f954de4f4eaed87725,92a41840b6034870d49fbe87c8cf7dff9ed1add9efe0276a79c8279407e74cc8,valid,valid,false,warning,transaction_date_outside_source_month
48a57a50c3a7896cc308758d612bfbda36202f2fb723eea640b70824d6aa3144,September_Over__25K_Transparency.csv,2025-09,141,2026-09-23T00:00:00+00:00,real_public_defra,false,,DE,KEW,27/08/2025,Capital/Equipment,Estates,DBR (London) Ltd,7137623,"£70,452.16",New works-Pt I-other costs,SW1H 0HW,UK Supplier,,60043,New works-Pt I-other costs,547951310,2025-08-27,70452.16,GBP,c6d5ff064ebedff246c2928c317487b8f9a57870e9d3703041fea446229bfa5f,35787e3871b93c60159539056cb3ff181f25047ea07a73b43803da5149780a73,valid,valid,false,warning,transaction_date_outside_source_month
13f0693935746481810a10ff42b653b12284c522debe11e5e286fec1ed509682,September_Over__25K_Transparency.csv,2025-09,164,2026-09-23T00:00:00+00:00,real_public_defra,false,,DE,KEW,27/08/2025,Payment to 3rd party,P1: Ecosystem Stewardship,Durrell Wildlife Conservation Trust,7137506,"£87,015.17",Non-Kew Project Costs,JE3 5BP,UK Supplier,,60541,Non-Kew Project Costs,,2025-08-27,87015.17,GBP,3981ca1ab695e178c48edf89fd290ce40cb1e2d9b2f51508412b0745c77b7b60,759bb39cb8d8ab8544bd08c8102108535f53eb07cc6bf700d4f3aadee2b0469e,valid,valid,false,warning,transaction_date_outside_source_month
18d81650ce6b2ccc410052f106a596267220ad99be4c7299b29f8ebc377b6836,September_Over__25K_Transparency.csv,2025-09,183,2026-09-23T00:00:00+00:00,real_public_defra,false,,DE,KEW,19/08/2025,Utilities,Estates,EDF Energy Customers plc,7137308,"£181,313.11",Electricity - Grid,PL3 5RG,UK Supplier,,60043,Electricity - Grid,,2025-08-19,181313.11,GBP,0f3aa7ae66fb3156d190c11d0885924f18e0fa4ec6495a4b776a3005e3148451,f545778cf0bdd27aa134bd4ee8dc19cd01f7307389246d6295c89ca83b1a2899,valid,valid,false,warning,transaction_date_outside_source_month
016e6ddf75ebb30b8a394429767b28dca9073c377a8b2ce008349671262e026f,September_Over__25K_Transparency.csv,2025-09,221,2026-09-23T00:00:00+00:00,real_public_defra,false,,DE,KEW,19/08/2025,Capital/Equipment,Director of Science,Feilden Clegg Bradley Studios,7137243,"£100,699.00",New Works - pt1 - prof fees,BA1 7DE,UK Supplier,,11599,New Works - pt1 - prof fees,208129623,2025-08-19,100699.00,GBP,66c3a74689be0c24ec55e16a6cfb53ab6b113cefedcbedb977557baa02989b8f,e4f8dc422d29925bc503757cbf4191c21445692ace99d638728f81c235887c4d,valid,valid,false,warning,transaction_date_outside_source_month
e9e50ff6a8cfd933278b690dfdb2f2d449cdedb4be9124fc00827ac294ab80b1,September_Over__25K_Transparency.csv,2025-09,235,2026-09-23T00:00:00+00:00,real_public_defra,false,,DE,KEW,05/08/2025,Capital/Equipment,Estates,Gaze Burvill Ltd,7135760,"£64,912.50",New works-Pt I-other costs,GU34 3QH,UK Supplier,,60036,New works-Pt I-other costs,GB631554454,2025-08-05,64912.50,GBP,451de0f7cec0c22aa40a21e922a45fb85f132b31ee42b2fb813b2a6c084ac31e,8373097fe1a11611983f82b9d13a50d88717ae81a481549f24b39852c956fab0,valid,valid,false,warning,transaction_date_outside_source_month
b8e86fbdc6034e4ff9e7eae01f0ebfdb15a4438d81c4ff3cd88101fad02e25d6,September_Over__25K_Transparency.csv,2025-09,237,2026-09-23T00:00:00+00:00,real_public_defra,false,,DE,KEW,27/08/2025,Property Related,Estates,Gleeds Cost Management,7137518,"£35,000.00",Maintenance-Reactive,BS1 6BX,UK Supplier,,11689,Maintenance-Reactive,863 1498 06,2025-08-27,35000.00,GBP,135ecb3d03c1f097fb863810adda33c2cf0c3c8b7ce048ab567e7ad8ff71b10e,88602958a36e4a5ee08801c951ea4e736e4be7169a12aad867a0a91b04c3cfb1,valid,valid,false,warning,transaction_date_outside_source_month
74ec0464f02bc363836e81e6e16fefabb597f05f5058f247002c258b086b2ffc,September_Over__25K_Transparency.csv,2025-09,314,2026-09-23T00:00:00+00:00,real_public_defra,false,,DE,KEW,27/08/2025,Capital/Equipment,Estates,Jerram Falkus Construction Limited,7137527,"£117,855.00",New works-Pt I-other costs,EC2A 3LQ,UK Supplier,,60447,New works-Pt I-other costs,446 9008 37,2025-08-27,117855.00,GBP,49a9616d136f737087bd1db281630cf93ea265bb90ea3d642206e23eb6c7bd61,2958b7550cb9637f68d1352d317be12df164ba14cf67798f84cc76448e45e06d,valid,valid,false,warning,transaction_date_outside_source_month
5c07b449238aca3be3632004379b02dcd362bd82ad31d69bf83b0ec7ea851694,September_Over__25K_Transparency.csv,2025-09,337,2026-09-23T00:00:00+00:00,real_public_defra,false,,DE,KEW,15/08/2025,Utilities,Estates,LBRUT - rates DDR,7131398,"£31,463.00",General rates,TW1 3BZ,UK Supplier,,60449,General rates,,2025-08-15,31463.00,GBP,1ff6ddee7e0f97787aa12e84ed527aebda6a27da95c0372d5137dd57c55a9d55,7e25f2071008195f69d57d45e16449e659c87ffcfb0f767ea1f896bf46853dc8,valid,valid,false,warning,transaction_date_outside_source_month
90757aa5bfefef7139802213e0c9c3d8fa30b683fbf9399529972d754ed8ebe6,September_Over__25K_Transparency.csv,2025-09,338,2026-09-23T00:00:00+00:00,real_public_defra,false,,DE,KEW,15/08/2025,Utilities,Estates,LBRUT - rates DDR,7131397,"£31,463.00",General rates,TW1 3BZ,UK Supplier,,60217,General rates,,2025-08-15,31463.00,GBP,8b7a847a5006efc9d41d8c85f90ca1ae11f6348eca7e962f14c4b0776d1d172c,9e4a01725f142fdd24d06fcc1e4daa2cca5b57a0cfcce37b4af091a6c72c342a,valid,valid,false,warning,transaction_date_outside_source_month
7b5e7ad473f0fd2500b120af7d5c022b393c778f30e85b68fb85e2735ae37f05,September_Over__25K_Transparency.csv,2025-09,339,2026-09-23T00:00:00+00:00,real_public_defra,false,,DE,KEW,15/08/2025,Utilities,Estates,LBRUT - rates DDR,7131399,"£31,463.00",General rates,TW1 3BZ,UK Supplier,,60217,General rates,,2025-08-15,31463.00,GBP,874c67388ab23ea051c4ff71df4c7fc4793c3fdc325164155b0314d3dfecefe0,de3605bf00a3a1c245f69f6f5f8d081bd1372bd0ff065bb1736d0b80db22ecbb,valid,valid,false,warning,transaction_date_outside_source_month
e18ed045b23d3e68d180fa31a29ad9de70c0f98e4f09e5e142bda58626ad364a,September_Over__25K_Transparency.csv,2025-09,340,2026-09-23T00:00:00+00:00,real_public_defra,false,,DE,KEW,15/08/2025,Utilities,Estates,LBRUT - rates DDR,7131381,"£31,463.00",General rates,TW1 3BZ,UK Supplier,,11236,General rates,,2025-08-15,31463.00,GBP,5a350cf2d6df3dc98510d2e8461d1d84535846af53db7bbd21a0aedccac9c32e,c8c3562a38aed1aa668acb7e451b94a8f71339e320fab2a0fa3bee43dee2282a,valid,valid,false,warning,transaction_date_outside_source_month
0d7f4f71710574e16ac6935a20160d8698962810e25e00b904224e496cef5199,September_Over__25K_Transparency.csv,2025-09,390,2026-09-23T00:00:00+00:00,real_public_defra,false,,DE,KEW,01/08/2025,Consumables & Materials,Development,Meta Platform Ireland Limited,7137749,"£26,341.16",Digital Marketing,D04 X2K5,Rest of the World,,,Digital Marketing,,2025-08-01,26341.16,GBP,fd857786457d6f4b9a3bd2420cf38637887e5c0b0459d8155b635d8137145adb,2c908a02e822e53219098bb1ced9b7f244d7a2aa4f62c374f6f54978aa51b755,valid,valid,false,warning,transaction_date_outside_source_month
cc5fa2eba299ddd2414f88a668f5d3ad1502303d9acb526d086f18bdc76e0055,September_Over__25K_Transparency.csv,2025-09,423,2026-09-23T00:00:00+00:00,real_public_defra,false,,DE,KEW,05/08/2025,Property Related,Estates,Noonan Services Group ( UK ) Ltd,7136682,"£78,943.64",Office and window cleaning,EC2A4LP,UK Supplier,,11229,Office and window cleaning,GB 847176988,2025-08-05,78943.64,GBP,b218cb939af7a3c5af8ff2c31c1581b075621e26889a6e502309bed0e898c314,434142cbd38845bff226485e8004fb18d3c1d075e0712a165ea4c51fb7f3626b,valid,valid,false,warning,transaction_date_outside_source_month
903c9f4d006c0aa10f4d8c458a40b50b0db1f648e0b538a29631e75e9229e168,September_Over__25K_Transparency.csv,2025-09,424,2026-09-23T00:00:00+00:00,real_public_defra,false,,DE,KEW,27/08/2025,Property Related,Estates,Noonan Services Group ( UK ) Ltd,7137589,"£78,943.64",Office and window cleaning,EC2A4LP,UK Supplier,,60036,Office and window cleaning,GB 847176988,2025-08-27,78943.64,GBP,d7c5dea199667a68f0f59419cd13ce30d9d80b7247f7a5c76d6dd27e34e1684e,9092d3be19f7b73d45848abb039d0ed6e0c34a0ff6ad12db2ce65f43301ccb9a,valid,valid,false,warning,transaction_date_outside_source_month
2506641124f8809cf47c3ccbc0faf4b33510475375bf4945f02b923534bede44,September_Over__25K_Transparency.csv,2025-09,450,2026-09-23T00:00:00+00:00,real_public_defra,false,,DE,KEW,19/08/2025,Capital/Equipment,Director of Science,Ove Arup & Partners Limited,7137007,"£48,390.00",New Works - pt1 - prof fees,W1T 4BQ,UK Supplier,,60002,New Works - pt1 - prof fees,GB 524 4612 65,2025-08-19,48390.00,GBP,1c773b30da3fadb6c141ef5c0cf8ca16bd5cc1e8f84196aa148c0cfa0569a117,fc39e4475b43d8eeff09a1c70039fcd4f9215b3d7fb920e922303d408a743c79,valid,valid,false,warning,transaction_date_outside_source_month
2e569edcd547fa7b89a0ff172c363e710cd89d3e15e2f7427e664bab8fe3f0a5,September_Over__25K_Transparency.csv,2025-09,451,2026-09-23T00:00:00+00:00,real_public_defra,false,,DE,KEW,19/08/2025,Capital/Equipment,Director of Science,Ove Arup & Partners Limited,7137004,"£39,900.00",New Works - pt1 - prof fees,W1T 4BQ,UK Supplier,,60002,New Works - pt1 - prof fees,GB 524 4612 65,2025-08-19,39900.00,GBP,03a89cce7bda2f6e7273e82136ed8376b761cddbe6224499e217209e093042a2,7e8aa785400461fed28f95f35446b0f5fc068b4bebf236b64bad253fb036c606,valid,valid,false,warning,transaction_date_outside_source_month
061af0ef889e88f1daf2a7ec71850ee1feaa6cf19db848de0c94e7fce93f082e,September_Over__25K_Transparency.csv,2025-09,468,2026-09-23T00:00:00+00:00,real_public_defra,false,,DE,KEW,05/08/2025,Property Related,Estates,Raytell Electrical Co. Ltd,7136630,"£31,535.63",Maintenance-Reactive,N14 5DJ,UK Supplier,,11630,Maintenance-Reactive,230699848,2025-08-05,31535.63,GBP,490aabe764a5cb1b29aab365435cd9569dc1953eb1e89f607d9e75bbee4952da,170a33e4249227ff797ad1024b19fb4714a058e1e571e25db2ce980f113e0d4c,valid,valid,false,warning,transaction_date_outside_source_month
26a281efe49e6219a0794782693e9730b4279666f350a8f698fc6dd3613b4587,September_Over__25K_Transparency.csv,2025-09,469,2026-09-23T00:00:00+00:00,real_public_defra,false,,DE,KEW,05/08/2025,Property Related,Estates,Raytell Electrical Co. Ltd,7136630,"£31,535.63",Maintenance-Reactive,N14 5DJ,UK Supplier,,60036,Maintenance-Reactive,230699848,2025-08-05,31535.63,GBP,1c3aa2d77b9d6c3d91e2a7bbed385cdf80c7f0a2bd994d2af0a9d683093330d0,170a33e4249227ff797ad1024b19fb4714a058e1e571e25db2ce980f113e0d4c,valid,valid,false,warning,transaction_date_outside_source_month
9d120a0757a5903bf6e8b447b51b4ee896a44249439e84e356d1befdef2bb4d3,September_Over__25K_Transparency.csv,2025-09,490,2026-09-23T00:00:00+00:00,real_public_defra,false,,DE,KEW,27/08/2025,Payment to 3rd party,P1: Ecosystem Stewardship,Royal Botanic Garden Edinburgh,7137212,"£25,621.10",Non-Kew Project Costs,EH3 5LR,UK Supplier,,,Non-Kew Project Costs,,2025-08-27,25621.10,GBP,6bbf5873c31c93e69ecdde8a758a426f7ef3a05f3391c82f73766f9cd842f292,3403bb4deff9ca02ed592ed42c558d221b9858932d0c5ee0cb845ecac3f06619,valid,valid,false,warning,transaction_date_outside_source_month
86cc430c05562b0cc9b672ff8bbb77e5745b463ecb6ce5c173ca3886cf507b4a,September_Over__25K_Transparency.csv,2025-09,571,2026-09-23T00:00:00+00:00,real_public_defra,false,,DE,KEW,19/08/2025,ICT,P0: Science Services & Labs,Thermo Fisher Scientific,7136934,"£28,709.45",Hardware Maintenance and Repairs,HP2 7GE,UK Supplier,,60525,Hardware Maintenance and Repairs,NA,2025-08-19,28709.45,GBP,28edb5e29659d534645c547aaae48e05eb7c40cecdd115e4c3c13ec4e85d2206,7f6c1b1a14ba1e77606ab9179fbe80dfc60690ec118127bbc6cdaa8ac358f831,valid,valid,false,warning,transaction_date_outside_source_month
ba4bf3105f1a8bbbd7bbcf6f477b4a0390147e97fab4e82fc9e9f11172124d61,September_Over__25K_Transparency.csv,2025-09,634,2026-09-23T00:00:00+00:00,real_public_defra,false,,DE,KEW,05/08/2025,Consumables & Materials,Estates,Wood & Wood International Signs Limited,7136507,"£48,861.00",Display & mounting materials,EX27LX,UK Supplier,,11647,Display & mounting materials,344752155,2025-08-05,48861.00,GBP,b0e20eca1faaff07d6c1b5620fb5f4f5190cc1eb883879edc309fb2939a055f0,acb2895f37fed31b51381efa9c082cc31450b000514f81545d220978bd242e0a,valid,valid,false,warning,transaction_date_outside_source_month
a957f4e4ff7caf47090f5dcee5828bf115d20bd2ffa56a1465a3a5850846ce02,September_Over__25K_Transparency.csv,2025-09,651,2026-09-23T00:00:00+00:00,real_public_defra,false,,DE,KEW,05/08/2025,Consultancy & Professional Services,Visitor Programmes & Exhibitions,Y2K Construction Ltd,7136595,"£63,806.40",Prof Fees - Construction,RG42 7NY,UK Supplier,,11689,Prof Fees - Construction,731665924,2025-08-05,63806.40,GBP,a0ab14e2db82243a23e3d1b209c466ba961f80bcd77270730915fecc940904e8,5e55090d6df3e6a74da853086a47d07427969e7da012f78797c35db015b453bb,valid,valid,false,warning,transaction_date_outside_source_month
de21498fb1907d4e3c733fc656944748385d9c97062526a649d4cf3680d18cc6,September_Over__25K_Transparency.csv,2025-09,654,2026-09-23T00:00:00+00:00,real_public_defra,false,,DE,KEW,19/08/2025,Finance Charges,"Legal, Risk and H&S",Zurich Insurance Company Ltd,7137175,"£56,453.95",Insurance,PO15 7JZ,UK Supplier,,11689,Insurance,,2025-08-19,56453.95,GBP,fdbffc18a97da04befb4ab5ec6455a939b3cb93bee2a2b21854e78f28c541732,d1a808b3bdd4f6591ba5f3274230ddfe3e8e3d74dad217b11b9fcfdaed7fa192,valid,valid,false,warning,transaction_date_outside_source_month
353ae199a987f07f36cfbc6b70b215e805e07a95f6f9c097019c37e27f93b98c,November_Over__25K_Transparency.csv,2025-11,412,2026-09-23T00:00:00+00:00,real_public_defra,false,,DE,JNCC,03/12/2025,Contracted Out Conservation Services,Ecosystems Analysis,UK CENTRE FOR ECOLOGY & HYDROLOGY,,"£38,052.50",A22-0489-1701 Q2 July - Sep 2025,OX10 8BB,,A22-0489-1701,0489,Ecosystems Analysis,,2025-12-03,38052.50,GBP,ab72c2b0e37ac0ee13d88d04be300e474eac7001434e181c56a31f6036dbcfad,,valid,valid,false,warning,transaction_number_missing|transaction_date_outside_source_month
37d867a2e3c5fde5a92d3d174d3b0e6ade3be74eff95b7ef6d9fe9e06491b6d5,Over__25K_Transparency_Jan_26.csv,2026-01,96,2026-09-23T00:00:00+00:00,real_public_defra,false,,DE,CCW,02/02/2026,Research & Design,Evidence & Insights,DJS RESEARCH LTD,10696,"£71,115.00",Research & Design,SK6 7GH,LARGE,N/A,N/A,Programme,GB775718779,2026-02-02,71115.00,GBP,9afdeac85d793484c37421b7d054c0db0faef08d4c25a585626a1ba2fabe3510,07191c11b11d28e2a0f835c8d13cf2ae1cefec91d3380730db53b7a6d460aa9f,valid,valid,false,warning,transaction_date_outside_source_month
