source_file,source_month,local_path,publisher,publication_url,licence_url,remote_byte_match_status,encoding,currency_code,record_origin,sha256,byte_size,row_count,column_count,original_columns,canonical_columns,min_transaction_date,max_transaction_date,out_of_source_month_rows,quarantined_rows
Over++_25K++Mar+2025-Rev.csv,2025-03,data/raw/defra/Over++_25K++Mar+2025-Rev.csv,"Department for Environment, Food & Rural Affairs",https://www.gov.uk/government/publications/defra-spending-over-25000-march-2025,https://www.nationalarchives.gov.uk/doc/open-government-licence/version/3/,not_checked,Windows-1252,GBP,real_public_defra,63576e4bd7d374e93f5c91f0125ab6dd155d8f7bb0af57fd5c26f2a6f9cd4710,533812,2467,15,Department|Entity|Date|Expense Type|Expense Area|Supplier |Transaction Number|Amount|PO Catergory Description |Supplier Postcode|Supplier Type|Contract Number|Project Code|Expenditure Type|Vat Registration Num,department|entity|transaction_date_raw|expense_type|expense_area|supplier|transaction_number|amount_raw|po_category_description|supplier_postcode|supplier_type|contract_number|project_code|expenditure_type|vat_registration_number,2025-03-03,2025-03-31,0,0
Over_25K_Transparency_report_April_25.csv,2025-04,data/raw/defra/Over_25K_Transparency_report_April_25.csv,"Department for Environment, Food & Rural Affairs",https://www.gov.uk/government/publications/defra-spending-over-25000-april-2025,https://www.nationalarchives.gov.uk/doc/open-government-licence/version/3/,not_checked,Windows-1252,GBP,real_public_defra,f8e38e896ff83d5d98f42f461c6d6e4ec53188d1fc31fd232a3b8508738c192d,253705,1103,15,Department|Entity|Date|Expense Type|Expense Area|Supplier |Transaction Number|Amount|PO Catergory Description |Supplier Postcode|Supplier Type|Contract Number|Project Code|Expenditure Type|Vat Registration Num,department|entity|transaction_date_raw|expense_type|expense_area|supplier|transaction_number|amount_raw|po_category_description|supplier_postcode|supplier_type|contract_number|project_code|expenditure_type|vat_registration_number,2025-03-05,2025-04-30,20,0
Defra__25k_May_25.csv,2025-05,data/raw/defra/Defra__25k_May_25.csv,"Department for Environment, Food & Rural Affairs",https://www.gov.uk/government/publications/defra-spending-over-25000-may-2025,https://www.nationalarchives.gov.uk/doc/open-government-licence/version/3/,not_checked,Windows-1252,GBP,real_public_defra,58b98ca93ddd9ea8580f5ae8643eeb139baf0977aafe7361964e9a7272bbe224,230202,1057,15,Department|Entity|Date|Expense Type|Expense Area|Supplier |Transaction Number|Amount|PO Category Description |Supplier Postcode|Supplier Type|Contract Number|Project Code|Expenditure Type|Vat Registration Num,department|entity|transaction_date_raw|expense_type|expense_area|supplier|transaction_number|amount_raw|po_category_description|supplier_postcode|supplier_type|contract_number|project_code|expenditure_type|vat_registration_number,2025-05-01,2025-05-30,0,0
Defra_Over__25k_June_2025.csv,2025-06,data/raw/defra/Defra_Over__25k_June_2025.csv,"Department for Environment, Food & Rural Affairs",https://www.gov.uk/government/publications/defra-spending-over-25000-june-2025,https://www.nationalarchives.gov.uk/doc/open-government-licence/version/3/,not_checked,Windows-1252,GBP,real_public_defra,0411a7a6e406283c7506243b0f4499bb0a21e4732387d61b007151ec6086c82b,213803,991,15,Department|Entity|Date|Expense Type|Expense Area|Supplier |Transaction Number|Amount|PO Category Description |Supplier Postcode|Supplier Type|Contract Number|Project Code|Expenditure Type|Vat Registration Num,department|entity|transaction_date_raw|expense_type|expense_area|supplier|transaction_number|amount_raw|po_category_description|supplier_postcode|supplier_type|contract_number|project_code|expenditure_type|vat_registration_number,2025-05-13,2025-07-02,10,0
Over__25K_Transparency_July.csv,2025-07,data/raw/defra/Over__25K_Transparency_July.csv,"Department for Environment, Food & Rural Affairs",https://www.gov.uk/government/publications/defra-spending-over-25000-july-2025,https://www.nationalarchives.gov.uk/doc/open-government-licence/version/3/,not_checked,Windows-1252,GBP,real_public_defra,e6037318a50847c0907529b5e29c03a773cc6dde7593aab9ea0f1fd89e53daf1,234495,1063,15,Department|Entity|Date|Expense Type|Expense Area|Supplier |Transaction Number|Amount|PO Catergory Description |Supplier Postcode|Supplier Type|Contract Number|Project Code|Expenditure Type|Vat Registration Num,department|entity|transaction_date_raw|expense_type|expense_area|supplier|transaction_number|amount_raw|po_category_description|supplier_postcode|supplier_type|contract_number|project_code|expenditure_type|vat_registration_number,2025-05-21,2025-07-31,4,0
August_Over__25K_Transparency.csv,2025-08,data/raw/defra/August_Over__25K_Transparency.csv,"Department for Environment, Food & Rural Affairs",https://www.gov.uk/government/publications/defra-spending-over-25000-august-2025,https://www.nationalarchives.gov.uk/doc/open-government-licence/version/3/,not_checked,Windows-1252,GBP,real_public_defra,e9bbcdf8753e88f6b8aa070424417f33e23fc9890d3b978132fd69f954907a4a,177896,781,15,Department|Entity|Date|Expense Type|Expense Area|Supplier |Transaction Number|Amount|PO Catergory Description |Supplier Postcode|Supplier Type|Contract Number|Project Code|Expenditure Type|Vat Registration Num,department|entity|transaction_date_raw|expense_type|expense_area|supplier|transaction_number|amount_raw|po_category_description|supplier_postcode|supplier_type|contract_number|project_code|expenditure_type|vat_registration_number,2025-07-10,2025-08-29,5,0
September_Over__25K_Transparency.csv,2025-09,data/raw/defra/September_Over__25K_Transparency.csv,"Department for Environment, Food & Rural Affairs",https://www.gov.uk/government/publications/defra-spending-over-25000-september-2025,https://www.nationalarchives.gov.uk/doc/open-government-licence/version/3/,not_checked,Windows-1252,GBP,real_public_defra,44de87f25d618a902b91090d5c1c69d7fdeebbfc73da28d4f13153f43eeef1a3,260044,1169,15,Department|Entity|Date|Expense Type|Expense Area|Supplier |Transaction Number|Amount|PO Catergory Description |Supplier Postcode|Supplier Type|Contract Number|Project Code|Expenditure Type|Vat Registration Num,department|entity|transaction_date_raw|expense_type|expense_area|supplier|transaction_number|amount_raw|po_category_description|supplier_postcode|supplier_type|contract_number|project_code|expenditure_type|vat_registration_number,2025-08-01,2025-09-30,31,0
Defra_Over__25K_October_2025.csv,2025-10,data/raw/defra/Defra_Over__25K_October_2025.csv,"Department for Environment, Food & Rural Affairs",https://www.gov.uk/government/publications/defra-spending-over-25000-october-2025,https://www.nationalarchives.gov.uk/doc/open-government-licence/version/3/,not_checked,Windows-1252,GBP,real_public_defra,967adae36e30ae2e1b1ba4cd8b7c5890e7687d212d58053aa370599e37a68c31,249794,1108,15,Department|Entity|Date|Expense Type|Expense Area|Supplier |Transaction Number|Amount|PO Catergory Description |Supplier Postcode|Supplier Type|Contract Number|Project Code|Expenditure Type|Vat Registration Num,department|entity|transaction_date_raw|expense_type|expense_area|supplier|transaction_number|amount_raw|po_category_description|supplier_postcode|supplier_type|contract_number|project_code|expenditure_type|vat_registration_number,2025-10-01,2025-10-31,0,0
November_Over__25K_Transparency.csv,2025-11,data/raw/defra/November_Over__25K_Transparency.csv,"Department for Environment, Food & Rural Affairs",https://www.gov.uk/government/publications/defra-spending-over-25000-november-2025,https://www.nationalarchives.gov.uk/doc/open-government-licence/version/3/,not_checked,Windows-1252,GBP,real_public_defra,1cffd6c299b9b4df1cf92154454c7b95aa3d622977494231ac6a8779925fdfdb,206737,953,15,Department|Entity|Date|Expense Type|Expense Area|Supplier |Transaction Number|Amount|PO Catergory Description |Supplier Postcode|Supplier Type|Contract Number|Project Code|Expenditure Type|Vat Registration Num,department|entity|transaction_date_raw|expense_type|expense_area|supplier|transaction_number|amount_raw|po_category_description|supplier_postcode|supplier_type|contract_number|project_code|expenditure_type|vat_registration_number,2025-11-03,2025-12-03,1,0
December_Over__25K.csv,2025-12,data/raw/defra/December_Over__25K.csv,"Department for Environment, Food & Rural Affairs",https://www.gov.uk/government/publications/defra-spending-over-25000-december-2025,https://www.nationalarchives.gov.uk/doc/open-government-licence/version/3/,not_checked,Windows-1252,GBP,real_public_defra,b332d036f6c9831a09c80d120db900dc4beed5f0a411ce5fd6570fc721dd565b,246316,1118,16,Comments|Department|Entity|Date|Expense Type|Expense Area|Supplier |Transaction Number|Amount|PO Catergory Description |Supplier Postcode|Supplier Type|Contract Number|Project Code|Expenditure Type|Vat Registration Num,comments|department|entity|transaction_date_raw|expense_type|expense_area|supplier|transaction_number|amount_raw|po_category_description|supplier_postcode|supplier_type|contract_number|project_code|expenditure_type|vat_registration_number,2025-12-01,2025-12-31,0,0
Over__25K_Transparency_Jan_26.csv,2026-01,data/raw/defra/Over__25K_Transparency_Jan_26.csv,"Department for Environment, Food & Rural Affairs",https://www.gov.uk/government/publications/defra-spending-over-25000-january-2026,https://www.nationalarchives.gov.uk/doc/open-government-licence/version/3/,not_checked,Windows-1252,GBP,real_public_defra,b10f063cc50397bde416fd41622e997ec1c229527e95694c6254fb931995fc85,213822,921,15,Department|Entity|Date|Expense Type|Expense Area|Supplier |Transaction Number|Amount|PO Catergory Description |Supplier Postcode|Supplier Type|Contract Number|Project Code|Expenditure Type|Vat Registration Num,department|entity|transaction_date_raw|expense_type|expense_area|supplier|transaction_number|amount_raw|po_category_description|supplier_postcode|supplier_type|contract_number|project_code|expenditure_type|vat_registration_number,2026-01-02,2026-02-02,1,0
Over__25K_Feb_26.csv,2026-02,data/raw/defra/Over__25K_Feb_26.csv,"Department for Environment, Food & Rural Affairs",https://www.gov.uk/government/publications/defra-spending-over-25000-february-2026,https://www.nationalarchives.gov.uk/doc/open-government-licence/version/3/,not_checked,Windows-1252,GBP,real_public_defra,b7a3ae454114a00127cfc493304e45017f5b834a49841f5936cfbef87d379b43,253675,1099,15,Department|Entity|Date|Expense Type|Expense Area|Supplier |Transaction Number|Amount|PO Catergory Description |Supplier Postcode|Supplier Type|Contract Number|Project Code|Expenditure Type|Vat Registration Num,department|entity|transaction_date_raw|expense_type|expense_area|supplier|transaction_number|amount_raw|po_category_description|supplier_postcode|supplier_type|contract_number|project_code|expenditure_type|vat_registration_number,2026-02-02,2026-02-27,0,0
