contract_id,vendor_id,contract_start_date,contract_end_date,contract_value_gbp,approved_category,contract_status,scenario_id,record_origin,is_synthetic,source_record_id
C00001,V0028,2025-06-03,2026-04-29,1641893.25,Telecommunications,approved,fictional_corporate_spend_v1,synthetic_fictional_company,true,fcc27778b8b9641b4c1c34b88b19a171d2082921eb15e3f8ccba9afa0ae64c8a
C00002,V0016,2025-03-01,2025-08-12,1503801.05,Cloud Services,approved,fictional_corporate_spend_v1,synthetic_fictional_company,true,08478606ba9b25dbbfb4e8507c393def1b5a172151657d79dc7709948c66aa23
C00003,V0069,2025-04-21,2026-02-10,78420.41,Training,approved,fictional_corporate_spend_v1,synthetic_fictional_company,true,d7ee7ec96c67eb6a6e46a3ecc91c92cc8788e67dc5f8853eb9fb5d7491cd2c3b
C00004,V0012,2025-03-08,2025-12-09,227772.39,Software,approved,fictional_corporate_spend_v1,synthetic_fictional_company,true,e283b28c4d0911956b69225b501ebe24046026ca501b869eb65f7713e1177e81
C00005,V0062,2025-04-25,2026-05-02,103528.58,Software,approved,fictional_corporate_spend_v1,synthetic_fictional_company,true,f24984d46f59c28171324bacb20b09a309e83c0cb56244fd31fba00c02ce279e
C00006,V0079,2025-03-16,2025-12-26,1700800.73,Training,approved,fictional_corporate_spend_v1,synthetic_fictional_company,true,00d9426050f497bd79eb2e7619abc15ce09665e91335bbe59ceb309326272ba9
C00007,V0073,2025-07-20,2026-09-12,969912.94,Facilities,approved,fictional_corporate_spend_v1,synthetic_fictional_company,true,4ca07b3fb8efcbaa337e5b8d4f25fd8276952317600bfbba46f5afcafef46497
C00008,V0038,2025-09-30,2026-09-30,263286.34,Training,approved,fictional_corporate_spend_v1,synthetic_fictional_company,true,6277e6a2c179febc8c1654fe0ee74112df8dfe1919850250b01c4a3dea4f3466
C00009,V0050,2025-01-11,2025-07-31,886737.48,Telecommunications,approved,fictional_corporate_spend_v1,synthetic_fictional_company,true,7baab43c12f0ba76f6656edd0a3624e768faea8807fc15c1fe81d61415785d8d
C00010,V0005,2025-04-29,2025-09-27,230365.96,Software,approved,fictional_corporate_spend_v1,synthetic_fictional_company,true,c5eeb5b562b69d143c3433f015b085761b06c17e77c8e957d5cdf28c54716746
C00011,V0076,2025-10-30,2026-09-10,1822656.53,Travel,approved,fictional_corporate_spend_v1,synthetic_fictional_company,true,101762c26dc8eb263f8c2adbd2f31907ffd83d98ecdcd4fbb3750906b8da34ac
C00012,V0082,2025-06-20,2025-10-27,1716973.53,Marketing,approved,fictional_corporate_spend_v1,synthetic_fictional_company,true,b5c54372667dfa9f8e864beb2e1ace9e095ab613caa22ccd14c65cb6ffb590f2
C00013,V0043,2025-09-05,2026-05-20,607390.69,Professional Services,approved,fictional_corporate_spend_v1,synthetic_fictional_company,true,4cf7c11bc58e31256b29d57419569e5fb70795851c124c8b360eb2ec08d03d54
C00014,V0054,2025-05-10,2025-12-02,441508.12,Facilities,approved,fictional_corporate_spend_v1,synthetic_fictional_company,true,bc89286530effdfc34e9bc810dfadfc1b41b2de0a6a7cf8fd0272d5551618e96
C00015,V0090,2025-05-28,2025-11-05,1092246.06,Professional Services,approved,fictional_corporate_spend_v1,synthetic_fictional_company,true,6b6c970867a420ddcedc776a30e3b500b48ff755c937dadd9498ff6ed531a0de
C00016,V0006,2025-03-01,2025-10-30,2236575.99,Travel,approved,fictional_corporate_spend_v1,synthetic_fictional_company,true,7480bc1fefe21ada2d76fc1feef1b0650733c2a524b28f12bc18618ae17a7d0e
C00017,V0092,2025-03-19,2025-08-11,308869.45,Software,approved,fictional_corporate_spend_v1,synthetic_fictional_company,true,facb46362f395dfc414462004df68281493fa844f06d855358eb192fe4e22326
C00018,V0086,2025-02-08,2025-08-19,692967.54,Travel,approved,fictional_corporate_spend_v1,synthetic_fictional_company,true,dcf8aa7b61ccfd0c54eccdfe688bd8796f87f5d77e56c5e2021b7a64c714ac4c
C00019,V0039,2025-04-30,2025-09-25,645006.25,Training,approved,fictional_corporate_spend_v1,synthetic_fictional_company,true,6a470135f00447dfbe1fbef3028120a714d0f602ef38ef4d3fcc448f13d772d2
C00020,V0043,2025-03-06,2026-04-10,1812467.90,Marketing,approved,fictional_corporate_spend_v1,synthetic_fictional_company,true,1a091688ac109a4ad022e4d6f34e970009eff85ea5f5289baeea1a0f2c3feeb7
C00021,V0009,2025-07-19,2025-11-30,1239099.25,Training,approved,fictional_corporate_spend_v1,synthetic_fictional_company,true,0162cee3454fa03ccbe4be4fd43b5b89318f636c34f09f456d2a72574e8d9706
C00022,V0067,2024-12-31,2025-10-12,490874.52,Telecommunications,approved,fictional_corporate_spend_v1,synthetic_fictional_company,true,ee2607b569bfaf223d6d87e8fb0e89da238642095394f6edc33aba679733e663
C00023,V0053,2025-07-22,2026-03-09,2214134.02,Professional Services,approved,fictional_corporate_spend_v1,synthetic_fictional_company,true,0a4253f69d7fc60b5eef0db22f2d4e8c740131926a3f92ce229de86dba8f66a3
C00024,V0011,2025-08-12,2026-07-03,1879933.82,Cloud Services,approved,fictional_corporate_spend_v1,synthetic_fictional_company,true,44e267e9fabd2652cb070c6bcbaaa3035c60edee48572ffbb02856f924b052a2
C00025,V0029,2025-02-14,2025-11-09,1411309.45,Training,approved,fictional_corporate_spend_v1,synthetic_fictional_company,true,dff0198b57d2f58e421a74e0f66c8bf51e571edb7bb406d623461d01479d4bb6
C00026,V0084,2024-12-26,2025-08-06,1353232.82,Training,approved,fictional_corporate_spend_v1,synthetic_fictional_company,true,86f4f6f30bdafb0d0ebee7ba0e745e619d758733379935ac374e5109515d87f8
C00027,V0098,2025-02-09,2025-11-04,1744706.03,Software,approved,fictional_corporate_spend_v1,synthetic_fictional_company,true,e7e50ad1adb846f4709edda5fa64b7a80f79099f226f356a5cea0ea73ec05635
C00028,V0013,2025-09-22,2026-06-19,490502.92,Professional Services,approved,fictional_corporate_spend_v1,synthetic_fictional_company,true,973b9908032dd7ed4d3e4ee41e6bea0ba1784a7ed07a0742b39777fdfa9ad6ab
C00029,V0089,2025-06-04,2026-01-29,1235809.78,Facilities,approved,fictional_corporate_spend_v1,synthetic_fictional_company,true,308e0083cb644e12ccfcaec9680676bebd6b4d84b6308bf4e176f3282d12688f
C00030,V0009,2025-04-07,2025-12-10,2009100.43,Training,approved,fictional_corporate_spend_v1,synthetic_fictional_company,true,5eef80a3efdc225cc1243e82be0862840549490168d5e07a70a452f1ee211088
C00031,V0024,2024-12-08,2025-06-15,1302262.04,Facilities,approved,fictional_corporate_spend_v1,synthetic_fictional_company,true,bc58577345ccb595a6a83ac5d95317d8a3212e42b4c37fab7599f5e8ea1732b8
C00032,V0103,2025-07-10,2025-12-18,75585.17,Telecommunications,approved,fictional_corporate_spend_v1,synthetic_fictional_company,true,c5df97fd12d73f69396735db3c13119c546310fef92bb6a12e49df05850bdbac
C00033,V0086,2025-08-22,2026-07-21,1338578.82,Travel,approved,fictional_corporate_spend_v1,synthetic_fictional_company,true,304ac2ecbfdd6f087f70200a24ca124b02039d43c684718934708a9694083a3e
C00034,V0027,2024-12-21,2025-11-17,1890897.98,Telecommunications,approved,fictional_corporate_spend_v1,synthetic_fictional_company,true,8d2efcee819733a0288b8b2f9e568dbfc46058daee09cb5f5b395022c4092b7b
C00035,V0092,2024-11-15,2025-05-01,1411020.61,Training,approved,fictional_corporate_spend_v1,synthetic_fictional_company,true,ffc3387a13bc41fdc66e2d1c2257267a0c8750676c93f003572c7a42328fd4b5
C00036,V0070,2025-10-15,2026-10-09,515776.53,Telecommunications,approved,fictional_corporate_spend_v1,synthetic_fictional_company,true,a350e1bddd15bf4f5e0b3a173180d4fdf7d0cdf8bfb49b6826ecd104e9ff2c6e
C00037,V0088,2025-10-08,2026-05-09,1094898.72,Office Supplies,approved,fictional_corporate_spend_v1,synthetic_fictional_company,true,d3b204511b2397e84a0033190f4f301b8289fb16deaa45c82675cac24caeb701
C00038,V0035,2025-01-17,2026-01-30,1703108.42,Marketing,approved,fictional_corporate_spend_v1,synthetic_fictional_company,true,d36711d62e78e6811c7c109063a36535f9648e844e9a220feda27ed3549129fe
C00039,V0078,2025-10-04,2026-09-20,1170789.22,Office Supplies,approved,fictional_corporate_spend_v1,synthetic_fictional_company,true,3178354b2042b626ed5c7a28e9be660ae17aae41bafcc3ecb30c80d454f1772c
C00040,V0101,2025-07-23,2026-04-07,2033892.73,Travel,approved,fictional_corporate_spend_v1,synthetic_fictional_company,true,61d49ab9907d8e48307d67049f5a477f3467da45e52acbfb66134dc17bc88343
C00041,V0046,2025-04-18,2025-08-17,1665031.88,Travel,approved,fictional_corporate_spend_v1,synthetic_fictional_company,true,96bc9890cea6f8e23f4b122459c92cc440069470251e111cb61ea1ba279b4340
C00042,V0082,2025-09-14,2026-08-17,322522.71,Office Supplies,approved,fictional_corporate_spend_v1,synthetic_fictional_company,true,5d9371712df886e27707a1d0faf7feb8202f974dd03eeb88a510e085e58279fa
C00043,V0078,2025-07-07,2026-07-02,244032.43,Office Supplies,approved,fictional_corporate_spend_v1,synthetic_fictional_company,true,20a062f425bda1989cfa888f17d83e4cf79c6e0491ae2dc29113cc29a1340535
C00044,V0069,2025-05-31,2025-11-10,1400459.21,Professional Services,approved,fictional_corporate_spend_v1,synthetic_fictional_company,true,a8a839f17ed5b432889a93920c78b460121432821ef9b95889be07a5ecc24f42
C00045,V0090,2025-01-29,2025-08-06,2403248.80,Software,approved,fictional_corporate_spend_v1,synthetic_fictional_company,true,58e580d07ca9b2f01a928e961e7f9965e28e11d66bcab6306db8798d41157de1
C00046,V0073,2024-11-28,2025-05-14,839228.78,Professional Services,approved,fictional_corporate_spend_v1,synthetic_fictional_company,true,58dc8302e3afb75fe852fa70d0f5c13a5bb8b341daa41e47fe8f3383dec65d10
C00047,V0102,2024-11-03,2025-10-13,1577458.89,Software,approved,fictional_corporate_spend_v1,synthetic_fictional_company,true,566833183848b52f38a5d391cbf8bfe21a6e23d02d17c3604bc3f055fdd8ffff
C00048,V0034,2025-03-21,2025-12-30,303896.72,Facilities,approved,fictional_corporate_spend_v1,synthetic_fictional_company,true,c24c5a0c77d72e7212a67f9795097908be624e8ccb49a7a70a23350f287d8c80
C00049,V0021,2025-01-27,2025-10-07,1817924.16,Cloud Services,approved,fictional_corporate_spend_v1,synthetic_fictional_company,true,369486d6b78fc8b153af2bbac88da1edea384e4cf084f2de1f7d43d97273f9df
C00050,V0083,2025-01-26,2026-01-18,909573.28,Professional Services,approved,fictional_corporate_spend_v1,synthetic_fictional_company,true,5cac1bcadea3f43d3ea5b4eceb17bd08b086b4a72d4ec30948be3a0cbafe0821
C00051,V0014,2025-05-17,2026-05-16,2119696.25,Facilities,approved,fictional_corporate_spend_v1,synthetic_fictional_company,true,e2fc1181c905e190bdf454ec9f583c23ef94f05127a008bb4db5d5d261230fc4
C00052,V0077,2025-10-09,2026-05-17,1998581.08,Marketing,approved,fictional_corporate_spend_v1,synthetic_fictional_company,true,48b0f8aa3d4dc846593f1403a91093466a71f0508aaad0d5410ab4719c9d2552
C00053,V0085,2025-08-22,2026-08-25,2231882.86,Marketing,approved,fictional_corporate_spend_v1,synthetic_fictional_company,true,0a7797cdbca5c927a8ce91175e98c18645ffdd0fc5b35e7d2aa264f0553230b2
C00054,V0097,2025-05-01,2026-02-19,1862878.64,Telecommunications,approved,fictional_corporate_spend_v1,synthetic_fictional_company,true,bf6bce80025068331764252e563f8afe68fd4eb618ad8d8547f5bab827714c7a
C00055,V0021,2025-02-18,2026-02-11,1203043.44,Logistics,approved,fictional_corporate_spend_v1,synthetic_fictional_company,true,4867c7e1a55d588d57525a3149eb5465486ebef435fb9a6e7f54d469e32958e0
C00056,V0090,2024-11-11,2025-05-12,1979812.49,Logistics,approved,fictional_corporate_spend_v1,synthetic_fictional_company,true,2107015f21bcaaf4386ba778ed09da8d32d98aa36261681eacd352ca06487b8c
C00057,V0064,2025-02-02,2025-06-16,1174346.73,Travel,approved,fictional_corporate_spend_v1,synthetic_fictional_company,true,3e3dd939d1c519e8124d436455b36e23fe8b66b6246ef8ec9a088417ec5588c9
C00058,V0065,2025-05-06,2025-11-30,832103.79,Marketing,approved,fictional_corporate_spend_v1,synthetic_fictional_company,true,c8d8a31c7617f40061952a84d2c9a70ed7d7543dae024c160e86122cc4cbb270
C00059,V0048,2025-06-30,2026-05-11,2120878.06,Professional Services,approved,fictional_corporate_spend_v1,synthetic_fictional_company,true,8e85dcbba340c8c5b7d316c0b3f1e4d576c9c87cb516cd9fba932d730bf15c3e
C00060,V0058,2025-02-28,2026-04-21,1794732.97,Office Supplies,approved,fictional_corporate_spend_v1,synthetic_fictional_company,true,5e3fa4abb717df2f997cdf90042a993c90c0fa38e9233cda270a9b34e65ded60
C00061,V0065,2025-05-31,2025-10-06,1893198.36,Travel,approved,fictional_corporate_spend_v1,synthetic_fictional_company,true,5d7df83f5f37dde90d07d2758a9bbef91d89ed245b55c2a435f98d02d686859b
C00062,V0037,2025-05-04,2026-04-05,2071442.30,Professional Services,approved,fictional_corporate_spend_v1,synthetic_fictional_company,true,882e971a5f40bbe321a3694965451c7344081dbe1525cde0bc0547c16126c8c8
C00063,V0021,2025-09-11,2026-01-13,636932.44,Cloud Services,approved,fictional_corporate_spend_v1,synthetic_fictional_company,true,495504d215e0fc58cc6544c550b8a2fa83f6148c5e5cb0d085dc5680f7984df6
C00064,V0046,2025-10-15,2026-04-04,2347270.18,Cloud Services,approved,fictional_corporate_spend_v1,synthetic_fictional_company,true,deb42fd939b830ee9ecd089386e21ac7462366a8669da803a5687302c9f9ed4e
C00065,V0021,2025-06-19,2025-10-21,1870475.48,Cloud Services,approved,fictional_corporate_spend_v1,synthetic_fictional_company,true,9fa8dc9a4376d47186e357d046d786c3038fbe7d5582fa84061378cf444dd522
C00066,V0027,2025-08-14,2026-02-25,193073.31,Telecommunications,approved,fictional_corporate_spend_v1,synthetic_fictional_company,true,4383ef749601c00d6eff10f876acfa2cd0f52abeb62c51980a93f61cc87966aa
C00067,V0081,2025-10-31,2026-06-13,2109616.22,Cloud Services,approved,fictional_corporate_spend_v1,synthetic_fictional_company,true,2e9a27d627160ce0551a81470d26ad6b53d22c3824bb1bc3110cb370793e6bd9
C00068,V0104,2025-04-21,2026-06-03,2050509.24,Cloud Services,approved,fictional_corporate_spend_v1,synthetic_fictional_company,true,fa0f4f9d4f3cae046157fc039b2eec2a5009a47bf6458e2fcd9de042eb78f33b
C00069,V0025,2025-02-06,2025-07-24,1997587.20,Travel,approved,fictional_corporate_spend_v1,synthetic_fictional_company,true,11d9d9ea9c72ada1b37e2111817047806296edee382e6e90ceea9fcafdf280f2
C00070,V0023,2025-10-28,2026-12-03,1148920.50,Training,approved,fictional_corporate_spend_v1,synthetic_fictional_company,true,d1a015a8bb3ca2c998bb10c3023d4afcd67062fed436c86a53c54a255dafa2e9
C00071,V0051,2025-04-05,2026-04-20,1662058.94,Training,approved,fictional_corporate_spend_v1,synthetic_fictional_company,true,62263e81f99a8ab7d5f5156fba6e4814692ef3cbaf0d5397503dbb9f1a201d6b
C00072,V0068,2024-12-30,2025-12-06,2136214.49,Professional Services,approved,fictional_corporate_spend_v1,synthetic_fictional_company,true,a31b81a104be87030583a858e8d6207a2e1f959bc87982eae3e15f0ba1f38daa
C00073,V0017,2025-02-12,2026-01-18,500608.80,Telecommunications,approved,fictional_corporate_spend_v1,synthetic_fictional_company,true,5cc91f1dac7e0f6a54552bed11ddaef4dd3fcb03bc08e1b900bea7cd145b2a1e
C00074,V0043,2024-12-16,2026-02-07,1308624.70,Professional Services,approved,fictional_corporate_spend_v1,synthetic_fictional_company,true,d6077ab07ef49af6d68aaa08c1f614c4603717bc8389ebc964cc7d8b6a89b236
C00075,V0024,2025-01-22,2025-07-31,1398004.05,Office Supplies,approved,fictional_corporate_spend_v1,synthetic_fictional_company,true,3b2b38c9566665622d5b5b4f7b03bcfc761531af3691420bd088adc7591d7851
C00076,V0006,2025-08-04,2025-12-28,2484132.39,Cloud Services,approved,fictional_corporate_spend_v1,synthetic_fictional_company,true,f32123f5d071df68ba9fb04ea9d0f4a995412299cdd11012ec237f6cc4258964
C00077,V0054,2025-07-26,2026-08-18,2058104.99,Facilities,approved,fictional_corporate_spend_v1,synthetic_fictional_company,true,7897596ce59c91b0d45c48475f0eb50317a4add1d4a4a75225b43eb8f0fd2012
C00078,V0097,2025-10-13,2026-04-13,787500.07,Marketing,approved,fictional_corporate_spend_v1,synthetic_fictional_company,true,2b7cbddf9f3f544eff1aa8ff88914ccd04ce7c09bd3eae649c088a7d07c2cfc7
C00079,V0080,2025-02-02,2026-03-26,2351278.90,Logistics,approved,fictional_corporate_spend_v1,synthetic_fictional_company,true,61977f1d5e7c3504130d79d24b438bf3433cf79d6e2cea8ef14f83a8e4fc0887
C00080,V0047,2025-04-26,2025-12-12,473612.53,Cloud Services,approved,fictional_corporate_spend_v1,synthetic_fictional_company,true,2087de04ce0c923605af05e51eefcc2d270ee26d538d3f1f8aac05c097519acf
C00081,V0010,2025-05-06,2025-10-08,2003485.33,Cloud Services,approved,fictional_corporate_spend_v1,synthetic_fictional_company,true,26801efe8d0067886fdae5da8d10252164833c1f761a417201443fff2cded128
C00082,V0065,2024-12-19,2026-02-07,1318374.35,Training,approved,fictional_corporate_spend_v1,synthetic_fictional_company,true,02f572aaac86f5ad607b68d32d65751b5d3485d504dfa12e1251b96801d41074
C00083,V0093,2025-10-15,2026-03-05,229355.96,Logistics,approved,fictional_corporate_spend_v1,synthetic_fictional_company,true,35d1c3dcbd8529e667ac72479b174cd95dff46aab582705cfb709a116a287fff
C00084,V0052,2024-11-27,2025-03-29,60573.17,Travel,approved,fictional_corporate_spend_v1,synthetic_fictional_company,true,59691df3cb62074239ed191458373984c8311ec4c102c9a7991d4f85adbd459a
C00085,V0104,2025-09-12,2026-03-25,1886846.57,Facilities,approved,fictional_corporate_spend_v1,synthetic_fictional_company,true,4f411dabd79cae467bceba02cc9c2e65668f0c8fa0963ca0cd4e47b92903629d
C00086,V0066,2025-08-22,2026-09-24,722226.15,Travel,approved,fictional_corporate_spend_v1,synthetic_fictional_company,true,b419825c42f6b6e6b02114e24a817aec384e25137735fb6a72ced6d099cac1dd
C00087,V0078,2025-09-01,2026-06-13,657255.27,Office Supplies,approved,fictional_corporate_spend_v1,synthetic_fictional_company,true,7afb873aa10ca119f44f1204dcb9f5f1b807db0b9945db4cb4a0b764a42dbd69
C00088,V0054,2025-10-31,2026-06-13,1722123.08,Logistics,approved,fictional_corporate_spend_v1,synthetic_fictional_company,true,2f8f89585c44cc8fdc3ee861886213ba7b2172c7458ba247706fd4ffc71af190
C00089,V0057,2025-09-15,2026-06-25,140139.99,Telecommunications,approved,fictional_corporate_spend_v1,synthetic_fictional_company,true,2d00f313a4b6f8eaa9534feca5fdc381c27c1a18ab9b327e534e7fc4c02e517c
C00090,V0075,2025-09-18,2026-02-10,255690.72,Marketing,approved,fictional_corporate_spend_v1,synthetic_fictional_company,true,bf93f0e83b61daee9de6f0958e8d28c9336f9457f430ae668f6803b664a75841
C00091,V0069,2025-07-02,2025-11-12,1160781.12,Training,approved,fictional_corporate_spend_v1,synthetic_fictional_company,true,5b4dd49527215653d8b0db9ec51ca0b34fbf0b79c379e928084dc921ff830f6c
C00092,V0027,2025-10-27,2026-07-23,1927297.51,Telecommunications,approved,fictional_corporate_spend_v1,synthetic_fictional_company,true,8645a6991f68285cbe074441048ba17fb02eeaff5dcbb1236ea6491d6a52bf95
C00093,V0015,2025-01-25,2025-09-12,54619.36,Telecommunications,approved,fictional_corporate_spend_v1,synthetic_fictional_company,true,a7ebfb7c9ff15e61e3072e79318b696edd0164d6afacf8563518845f76c4d6c9
C00094,V0041,2025-04-14,2025-10-29,283665.80,Telecommunications,approved,fictional_corporate_spend_v1,synthetic_fictional_company,true,7d0eba269ebefe4493e22d324078b1b4f87fe26517019d68d8c2a1b37a88851b
C00095,V0046,2025-01-27,2025-10-12,2368883.06,Travel,approved,fictional_corporate_spend_v1,synthetic_fictional_company,true,d86bd97e32674134a46dfb8f9d30efeb970e3a75d9ff70d91294e8d449cef1e8
C00096,V0064,2024-11-07,2025-05-10,853689.13,Training,approved,fictional_corporate_spend_v1,synthetic_fictional_company,true,5fbb94781e2c681812da172fe8e17dc53bfe8e17dfac76c60439f8146c62b1c4
C00097,V0026,2025-03-26,2025-11-14,730075.45,Travel,approved,fictional_corporate_spend_v1,synthetic_fictional_company,true,9d2738b60f4d8a5e53c35ca1c22ef4d73bc0d7c5b9c0bbd33ac8a5ff09309d9b
C00098,V0070,2025-03-03,2025-11-04,2460720.06,Logistics,approved,fictional_corporate_spend_v1,synthetic_fictional_company,true,0c1bfbb192a87511ebb9ab8708b3beeb963cde51432940f75609690e2bf1f4c4
C00099,V0079,2025-04-22,2026-02-09,2246700.30,Travel,approved,fictional_corporate_spend_v1,synthetic_fictional_company,true,521ee9f00ea16dcc6be8b266b1952cff1031ca21d2b1388198dbf7993e60b972
C00100,V0026,2024-11-07,2025-06-28,1840142.97,Travel,approved,fictional_corporate_spend_v1,synthetic_fictional_company,true,563ab208fe71b8d6791482518eeb86a6d78ad3c8a65ca840abc72fb537693290
C00101,V0038,2025-02-19,2025-07-08,1217396.09,Telecommunications,approved,fictional_corporate_spend_v1,synthetic_fictional_company,true,e73d36570b576240163aac827c90a70a26c1896271f4e4d52baeae131d81f31d
C00102,V0059,2025-05-20,2026-03-24,343081.79,Office Supplies,approved,fictional_corporate_spend_v1,synthetic_fictional_company,true,a75aa4f9380350a4d82b8f624a1c1eb695e91fa18a0e088b6a45e8e779af9099
C00103,V0072,2025-01-14,2025-07-24,1195162.28,Marketing,approved,fictional_corporate_spend_v1,synthetic_fictional_company,true,23fcb3e61a33b7e73fe387ebc6e83f623b8be663aceaa09b45aecbd371fbbb93
C00104,V0055,2024-12-20,2025-11-07,1896813.22,Training,approved,fictional_corporate_spend_v1,synthetic_fictional_company,true,a1e951a821d279c0866753005993ef476c352a9b0bb760421e02a7f5c9911f58
C00105,V0094,2025-01-15,2026-02-06,1715397.58,Facilities,approved,fictional_corporate_spend_v1,synthetic_fictional_company,true,b9f50b7201fa23395299379ab16fb46dc4a245ba9395a822f18b01227b81f7ee
C00106,V0021,2024-11-15,2025-08-15,656815.25,Travel,approved,fictional_corporate_spend_v1,synthetic_fictional_company,true,dd6ca72472d06d3aff5dc02d7237a78421a367e2f9ea2c7f3cdca4e6d1b4a07b
C00107,V0017,2025-01-13,2025-11-30,1854231.45,Marketing,approved,fictional_corporate_spend_v1,synthetic_fictional_company,true,a375d9564d9cd5f11a69c5358f709cd1379fc3cebd6c52961b0045f1629476f2
C00108,V0059,2025-06-30,2026-07-05,338484.31,Marketing,approved,fictional_corporate_spend_v1,synthetic_fictional_company,true,7ef77a6fd1cd49307128115880c2108ebb5595785fc824da3c047626509103ab
C00109,V0022,2025-07-14,2026-02-26,2135366.23,Software,approved,fictional_corporate_spend_v1,synthetic_fictional_company,true,25cae2be457ebd23678af2c2da2a239f11a9bacb8d22ecd9b3cd739f640dcd10
C00110,V0002,2025-04-27,2025-11-11,575813.60,Software,approved,fictional_corporate_spend_v1,synthetic_fictional_company,true,f8e6767fd830cd2825164e1a3070979752579e56b60b9cbf1568b196ed5248ea
C00111,V0008,2025-06-18,2026-04-11,1494554.91,Office Supplies,approved,fictional_corporate_spend_v1,synthetic_fictional_company,true,e73c517275e660c82c8081d4d4a21b2c12d84781f929c2ee173d84c6b66c9e4c
C00112,V0073,2025-06-28,2026-07-22,1699512.67,Professional Services,approved,fictional_corporate_spend_v1,synthetic_fictional_company,true,a13bdaa7ed41414283ac2120aabdc9f98367e77edd234854b281ee9deadae5f7
C00113,V0003,2025-08-03,2026-04-05,128934.59,Cloud Services,approved,fictional_corporate_spend_v1,synthetic_fictional_company,true,781a0762c1b6817efece60c382fd975757f1142cddb1420113e28951a8d95250
C00114,V0043,2025-10-23,2026-04-24,1028626.43,Software,approved,fictional_corporate_spend_v1,synthetic_fictional_company,true,b7d5369f9742f9a06f3f5d3fe3b813a93cbb92c0e12bce1036892bb1abc823a8
C00115,V0097,2025-07-18,2025-12-23,438133.48,Facilities,approved,fictional_corporate_spend_v1,synthetic_fictional_company,true,931e271231fc1b86c67ecb96ce301fc47da3e0b6f1211d0e3547c4d7d9067de1
C00116,V0007,2025-03-30,2025-11-22,1090406.77,Telecommunications,approved,fictional_corporate_spend_v1,synthetic_fictional_company,true,03cfacd947f9f975a0868bcf2098f89bc2ac9a34d897c825ca1e2621529ffb54
C00117,V0042,2025-08-01,2026-08-30,2216808.66,Software,approved,fictional_corporate_spend_v1,synthetic_fictional_company,true,a8082907e2422cb9bb99790a19a7c1d24c5eaf86ea4a35ddfb68472536ea2cd3
C00118,V0039,2025-04-04,2026-05-05,926467.95,Facilities,approved,fictional_corporate_spend_v1,synthetic_fictional_company,true,107b50893c1c8558a3b359fd6732a1a7a2fd6d5c6a3f99ea01d30aea29cb3bc5
C00119,V0020,2025-02-23,2025-08-21,56362.45,Logistics,approved,fictional_corporate_spend_v1,synthetic_fictional_company,true,2e076975d97fd070f15b2d4723ccc81ed0cf4396eb3834bbccf1779445eb6c1a
C00120,V0031,2025-04-05,2026-03-10,1692938.91,Cloud Services,approved,fictional_corporate_spend_v1,synthetic_fictional_company,true,904a1c4b6b1c3824d526d65bf1648dfe906a47ddae25e4a7a915fe299e8c515c
C00121,V0070,2025-07-31,2026-06-12,2242973.58,Logistics,approved,fictional_corporate_spend_v1,synthetic_fictional_company,true,8c143632f90b62774e169d556be3e92c248966f364499bb56c2fabd8900c9475
C00122,V0105,2025-02-21,2026-02-07,1440966.99,Training,approved,fictional_corporate_spend_v1,synthetic_fictional_company,true,6e38a9a9a27278aff71dccb942e01fdc9457a6f76ebb95a74fa14619f98a973f
C00123,V0034,2025-04-23,2026-02-13,222067.67,Facilities,approved,fictional_corporate_spend_v1,synthetic_fictional_company,true,ececc473663d2ae265799ed0df91db78b5a36ef000a7dd2e6d3393dac4a06d25
C00124,V0086,2025-07-04,2026-04-14,1657604.70,Travel,approved,fictional_corporate_spend_v1,synthetic_fictional_company,true,93a714737556d18aeb998265038611f05fa995d3432dd2813a90477d626bee78
C00125,V0058,2024-12-09,2025-12-29,1673578.73,Travel,approved,fictional_corporate_spend_v1,synthetic_fictional_company,true,e00928f1110d3055d442e004127d6aaae15f14ceace6498ebed5d94bb112faba
C00126,V0025,2025-07-23,2026-06-15,394677.96,Marketing,approved,fictional_corporate_spend_v1,synthetic_fictional_company,true,b4e8439dcc110e5069d608ef3bad674167d0d2a8cfe3d4e0ec86e6a3387f84a6
C00127,V0086,2025-07-09,2026-07-30,329220.97,Marketing,approved,fictional_corporate_spend_v1,synthetic_fictional_company,true,3d39108ee3350c999e10ea55386baa54be0f97b5c2c61916413a3495ac01c78b
C00128,V0075,2025-05-04,2026-03-29,1494918.35,Marketing,approved,fictional_corporate_spend_v1,synthetic_fictional_company,true,3d4860cba49d7d2d6abb9d0bd4a6007612c4e40121f737b4dbff2c04504c18c3
C00129,V0013,2025-08-05,2026-09-12,2494418.95,Professional Services,approved,fictional_corporate_spend_v1,synthetic_fictional_company,true,a20ef4b79512a43fc85fd063c54701f45d79e1811c70f0c76488373313c0125f
C00130,V0043,2025-07-23,2026-01-14,291578.08,Professional Services,approved,fictional_corporate_spend_v1,synthetic_fictional_company,true,97ed91fa2361d51ccbb26518ca121373e48e5d985e1ace8bdde64282ac5d427f
C00131,V0068,2024-12-17,2025-10-22,2291508.72,Office Supplies,approved,fictional_corporate_spend_v1,synthetic_fictional_company,true,711e00d745554d5a16c3870a3c6c042ee2987c959788daea73d069a09301ead3
C00132,V0079,2024-11-07,2025-07-09,1601150.49,Facilities,approved,fictional_corporate_spend_v1,synthetic_fictional_company,true,4f4f8f01db291419715326ddd44ba41b094893f32f27c4b8dbd78ed9db563bcc
C00133,V0057,2025-10-19,2026-06-12,1697971.65,Telecommunications,approved,fictional_corporate_spend_v1,synthetic_fictional_company,true,756b26f23246fe9b075805796bb48e3fc9bcd78d922a9409924d53d3f1ddd993
C00134,V0071,2025-08-05,2025-12-22,1095595.66,Facilities,approved,fictional_corporate_spend_v1,synthetic_fictional_company,true,9142859e7e8d0fbff201fdd200dd7cce93f35682654f48abcfcba064efa4ed57
C00135,V0081,2025-01-11,2025-08-06,2338292.31,Cloud Services,approved,fictional_corporate_spend_v1,synthetic_fictional_company,true,ad45271c8985c89c7287f88050d823b3bf02b37e80b124794abc240250ba023e
C00136,V0048,2025-05-19,2025-11-14,1114439.15,Office Supplies,approved,fictional_corporate_spend_v1,synthetic_fictional_company,true,b965a1a35d3d88f85f3a66c92555da98e5fb7a263f2a67c3e9762ce39b32783f
C00137,V0072,2025-03-31,2025-10-21,1679582.25,Software,approved,fictional_corporate_spend_v1,synthetic_fictional_company,true,7b35b5a6913323630d1c772b60fea600c84f696a846845f34d4163ec5c748cdb
C00138,V0067,2025-10-05,2026-09-21,696307.41,Telecommunications,approved,fictional_corporate_spend_v1,synthetic_fictional_company,true,80e9990bc0320358f1010dc9310f69449885fd5ab0c9ea72af7678e810e87338
C00139,V0080,2025-10-07,2026-10-09,1425369.49,Logistics,approved,fictional_corporate_spend_v1,synthetic_fictional_company,true,313d6e3edd04e0f9bc27974a27ebe2d1c05961cd7a6e81544fd235009e7b7536
C00140,V0008,2025-07-01,2026-03-02,900595.66,Office Supplies,approved,fictional_corporate_spend_v1,synthetic_fictional_company,true,5670d7395795b14556f49778f119d8a6a57db0a3b70afa71880d62ec1efcc7ba
C00141,V0093,2025-03-10,2026-04-17,740541.41,Professional Services,approved,fictional_corporate_spend_v1,synthetic_fictional_company,true,e0502e50955bf9180b473d6efb2127c84a690e3dc92f6ba61ade1e30cfba2e63
C00142,V0077,2025-07-04,2026-07-06,393538.98,Telecommunications,approved,fictional_corporate_spend_v1,synthetic_fictional_company,true,bc364c15bdba6dfc677f1e988282a520156d43e2e625ce814be04ce4e80e1efa
C00143,V0035,2025-09-18,2026-01-19,290811.98,Marketing,approved,fictional_corporate_spend_v1,synthetic_fictional_company,true,7cf0c7862dfdc56aa00265fd482aa3998249f2d946e311a2324a143437b9638e
C00144,V0102,2024-11-01,2025-07-27,733332.95,Telecommunications,approved,fictional_corporate_spend_v1,synthetic_fictional_company,true,36633e496faefa9a4e9b633a392c9081e8624c7edf900f38234251d52649aaae
C00145,V0040,2025-09-19,2026-07-18,2295366.16,Logistics,approved,fictional_corporate_spend_v1,synthetic_fictional_company,true,8e646dd7c251eb2b8993fdd805f8d7d09d4f551ec49fa1ba7cd8b3b310b1cf3b
C00146,V0074,2025-06-17,2026-04-11,1659656.30,Facilities,approved,fictional_corporate_spend_v1,synthetic_fictional_company,true,281e5ce066d3d2e6b3fa51cc0144fe0a2ae73c222d8cf29dae3d5141b349b026
C00147,V0053,2025-04-08,2025-08-30,387767.55,Professional Services,approved,fictional_corporate_spend_v1,synthetic_fictional_company,true,a4d041feae243a6719f371b52a87a36acb7535bdeaf983d179aff65e40471dff
C00148,V0017,2025-03-12,2025-09-12,1858777.14,Telecommunications,approved,fictional_corporate_spend_v1,synthetic_fictional_company,true,a2159fe632d4f7926b636b7ccdf746683c38010170000195a3d404027261ab2c
C00149,V0066,2025-06-30,2026-02-23,109325.59,Travel,approved,fictional_corporate_spend_v1,synthetic_fictional_company,true,75d26b986a55c82763e308bb116e2b39e48bb3d6ddfed220d851af73bef01a7a
C00150,V0075,2025-03-26,2026-05-10,1031597.92,Marketing,approved,fictional_corporate_spend_v1,synthetic_fictional_company,true,63fec32b94287965ab42c07768244b08235eedd332495bd59392c64f92a39814
C00151,V0094,2024-12-03,2025-07-16,2432614.34,Travel,approved,fictional_corporate_spend_v1,synthetic_fictional_company,true,0091458f726870312fc6417489f3fae0d209d9d26fdbe3f637be430a6af4389c
C00152,V0001,2025-10-07,2026-04-29,904410.02,Cloud Services,approved,fictional_corporate_spend_v1,synthetic_fictional_company,true,5901487c9ef592b5c952b2b59c29c3ab9b8b62894bf10a84eb464dceaa348c86
C00153,V0088,2025-04-04,2025-10-15,957088.97,Office Supplies,approved,fictional_corporate_spend_v1,synthetic_fictional_company,true,0df8718b6599a82e4e1cddfde25cc68fadc82bd2361c17aca5f655db9ca3a6c4
C00154,V0098,2025-07-18,2026-04-18,502833.75,Professional Services,approved,fictional_corporate_spend_v1,synthetic_fictional_company,true,d0bd41261a5bdfc203d21b9d0314dd6e6a862398089d404c63ddffc096bc83ea
C00155,V0036,2025-08-26,2026-08-08,481819.93,Facilities,approved,fictional_corporate_spend_v1,synthetic_fictional_company,true,aebb49e5b48eaa57bf2cab632cb4c0eea6f7a84e609fd579d950005d5b014fcb
C00156,V0033,2025-08-14,2026-04-22,1678040.65,Professional Services,approved,fictional_corporate_spend_v1,synthetic_fictional_company,true,13a7cd657d0f43b07ce2e29972dd17429539bc067f376764d45ba3cbc2a0cd4f
C00157,V0055,2025-08-22,2026-04-24,1825194.25,Marketing,approved,fictional_corporate_spend_v1,synthetic_fictional_company,true,be115bce5484f73f305a66341949291e3b8144e8340ccaa4e1faeb9e1b1051fd
C00158,V0090,2025-03-07,2025-10-04,2150886.59,Logistics,approved,fictional_corporate_spend_v1,synthetic_fictional_company,true,2adfb084f718afeef10b5caeb0e1258d2072303b0f91f554f3c35e9517715212
C00159,V0044,2025-03-06,2026-01-23,785759.64,Training,approved,fictional_corporate_spend_v1,synthetic_fictional_company,true,8742f73f875d0a9706f0d6577aed31e7db87db6608562ba50fc313ccbcd6722c
C00160,V0012,2025-04-16,2025-12-04,75330.00,Travel,approved,fictional_corporate_spend_v1,synthetic_fictional_company,true,895614527c5c0a8064549cc69cef476620886468185c63c06227a126b12617f5
C00161,V0023,2025-04-05,2025-09-04,944089.84,Telecommunications,approved,fictional_corporate_spend_v1,synthetic_fictional_company,true,5ffe5a17dfe621d2a038251984ac97e68a63faf340cc3f93d9c62645a1ae1bd4
C00162,V0024,2025-06-16,2026-08-01,1774952.89,Cloud Services,approved,fictional_corporate_spend_v1,synthetic_fictional_company,true,8c201502e1fe80d902971dd4331665f247b3e859240f46bb0f402b3f10359efa
C00163,V0025,2025-02-16,2025-12-06,1325980.13,Marketing,approved,fictional_corporate_spend_v1,synthetic_fictional_company,true,1be5d6d55ba35a968bd310eb7d1e38e518652079bc953e2e57f56af5b5782584
C00164,V0012,2025-05-26,2025-12-10,1355554.15,Software,approved,fictional_corporate_spend_v1,synthetic_fictional_company,true,743aaf6893810b03c26612ad929a8d2792205034f424722cdf30678c79ab8210
C00165,V0043,2024-12-06,2026-01-04,2202581.50,Professional Services,approved,fictional_corporate_spend_v1,synthetic_fictional_company,true,419f44e9618f9a81f04e5c4a7c251bd17d3f3d97fc127ced087f7939aef914da
C00166,V0095,2025-08-02,2026-02-05,714923.73,Marketing,approved,fictional_corporate_spend_v1,synthetic_fictional_company,true,5489306420017309f89abfd037e9e3883c32171cbf295c2706c3c0ed6e8e8a08
C00167,V0026,2025-07-03,2026-04-29,297577.16,Office Supplies,approved,fictional_corporate_spend_v1,synthetic_fictional_company,true,f0633edf7d6243279c597a5aa9b09773809956bf5fd89ceb17dc6efe9dd777e6
C00168,V0073,2025-04-30,2025-12-11,1826565.67,Logistics,approved,fictional_corporate_spend_v1,synthetic_fictional_company,true,6b54616df926a4fd4bff0e046bade2f180d481c28e58576f0bdb1f9736319d0e
C00169,V0098,2025-07-11,2025-11-30,2269627.43,Software,approved,fictional_corporate_spend_v1,synthetic_fictional_company,true,6ce4b771dd69702f16dbf6455756561e58926c293430d035e8aabf87baee9544
C00170,V0034,2025-08-30,2026-03-31,2171940.16,Professional Services,approved,fictional_corporate_spend_v1,synthetic_fictional_company,true,5be17a6ee86adeb5bfccec065ea2f1730c246c90f28afd6a5749bda7d10b56b4
C00171,V0099,2025-09-30,2026-09-01,2304466.37,Training,approved,fictional_corporate_spend_v1,synthetic_fictional_company,true,00c46b5a07b271aa2b82578cdf23e72538c015325e930cb944e814f02a139f27
C00172,V0048,2024-11-05,2025-11-18,1168885.01,Office Supplies,approved,fictional_corporate_spend_v1,synthetic_fictional_company,true,0f34410ec81040bb8c0ff39e0cd1415aa3c7f8ffac8c24e44e5146def32f62a7
C00173,V0014,2025-05-13,2026-04-04,1716120.95,Training,approved,fictional_corporate_spend_v1,synthetic_fictional_company,true,1b9fe78c8ce464e440c8d543925bdd0b50ebf1e342dd423fcbf43214001a8d0c
C00174,V0081,2024-12-05,2025-05-19,751028.43,Cloud Services,approved,fictional_corporate_spend_v1,synthetic_fictional_company,true,1fd374590505558501d1386a5221fef26da8804c73f3fb3223cde492f137c2c9
C00175,V0092,2024-11-29,2025-10-05,364655.87,Travel,approved,fictional_corporate_spend_v1,synthetic_fictional_company,true,4b10a619ec45e7b966f2bdea05bc0c38e17330a281235c6fff9f945848212b46
C00176,V0053,2024-12-26,2026-01-03,2125950.47,Cloud Services,approved,fictional_corporate_spend_v1,synthetic_fictional_company,true,6afb679f38cae1f91c731a6601dc2d912ef4718d95d96ddc76ecd999e15b4b42
C00177,V0055,2025-05-11,2025-12-17,620907.36,Software,approved,fictional_corporate_spend_v1,synthetic_fictional_company,true,29589fad34fa68b2531bf588a1c3afe650909b278cc7d21f3a063fb98c375b0c
C00178,V0098,2025-02-04,2025-11-25,321306.54,Travel,approved,fictional_corporate_spend_v1,synthetic_fictional_company,true,de7365cd874bfe32c91e724322b502c077daeda33ef3e36fc3c90d90461b9364
C00179,V0012,2025-05-15,2026-03-31,2395181.92,Software,approved,fictional_corporate_spend_v1,synthetic_fictional_company,true,043e81da46ad7ffb99daa2a4ea2fc6000cab0c7fbc26752bcb57ce02bdd3a5ea
C00180,V0085,2025-02-15,2025-09-14,1286665.92,Training,approved,fictional_corporate_spend_v1,synthetic_fictional_company,true,7bb142bd4cc849ada795641c86dba37953d9363f55936a6f9ee02082fd33fab9
C00181,V0038,2024-11-06,2025-03-20,2362896.73,Office Supplies,approved,fictional_corporate_spend_v1,synthetic_fictional_company,true,1bc47fd8aba3288cfe46e6218a80b0d8506c27d15b93691942c0bb909abdf97d
C00182,V0098,2025-05-29,2025-10-14,636136.42,Office Supplies,approved,fictional_corporate_spend_v1,synthetic_fictional_company,true,2b3c99047665a0bcc913d7e56b81b74e3cad28be661d9f5aba87fd8058abd968
C00183,V0042,2025-01-07,2026-01-30,2493362.67,Software,approved,fictional_corporate_spend_v1,synthetic_fictional_company,true,26d29804d526b701b450fc064906795c309c53dce7537f1aa9950aab5b0850bb
C00184,V0036,2025-05-09,2026-06-08,1044300.64,Travel,approved,fictional_corporate_spend_v1,synthetic_fictional_company,true,2cf5b1f1e9f3c29699518e9d32468223ee07da0ab94ad43fed195b3e1cfa1f0a
C00185,V0078,2025-04-08,2025-09-23,2040003.25,Logistics,approved,fictional_corporate_spend_v1,synthetic_fictional_company,true,ddedd4009149231b1f52ca53651039d93689671756c99f9b74b40b9c9b0094c0
C00186,V0091,2025-04-26,2025-10-27,516234.22,Training,approved,fictional_corporate_spend_v1,synthetic_fictional_company,true,4d9afa48dfb30b34b3694955b3d5370a1199350df35918f3bfcd9ac0d0febd74
C00187,V0075,2025-09-13,2026-03-09,2075747.64,Telecommunications,approved,fictional_corporate_spend_v1,synthetic_fictional_company,true,5b4f1d2af1a1c1e753dea97a6c4413c68e46507be835524c6ce01205a51403fd
C00188,V0077,2024-12-23,2025-05-20,510017.51,Training,approved,fictional_corporate_spend_v1,synthetic_fictional_company,true,18fd9165f628e111d22e0fbb72dc8559876661b06e22b3822a8b010c89f4426e
C00189,V0041,2025-06-01,2026-06-19,753645.95,Cloud Services,approved,fictional_corporate_spend_v1,synthetic_fictional_company,true,044db945df9ec9ddf27d7a4e974717cb9782530ad57efcfe6005cf9b55ccd6e9
C00190,V0068,2025-05-30,2026-05-21,167087.99,Office Supplies,approved,fictional_corporate_spend_v1,synthetic_fictional_company,true,fea17c0a9e158d00b12834c75880db694f86219838ef34a0e9144091b71092cc
C00191,V0068,2025-03-14,2025-08-23,426537.94,Office Supplies,approved,fictional_corporate_spend_v1,synthetic_fictional_company,true,a2f3bb9cfa20c620e3ebe215b2e1d559242d3b6fc30d9b5bbc9062bce49648a4
C00192,V0036,2024-11-28,2025-09-28,182906.31,Travel,approved,fictional_corporate_spend_v1,synthetic_fictional_company,true,811437afe9fde3a16ef6934eea5c8310edca52302e039cf51b566ac9264d9e0e
C00193,V0006,2025-07-12,2025-11-27,1980223.95,Travel,approved,fictional_corporate_spend_v1,synthetic_fictional_company,true,e1bd1f92947827be12282e979ada9d1ad88f9e765a40a0c1e2e46a5422cc0169
C00194,V0061,2025-09-05,2026-09-23,1524739.45,Cloud Services,approved,fictional_corporate_spend_v1,synthetic_fictional_company,true,e57eb81d48327834f80949709617dd25a8bc687f119fc46ff28cf7f8bad464a5
C00195,V0044,2025-02-02,2026-02-15,2230314.72,Office Supplies,approved,fictional_corporate_spend_v1,synthetic_fictional_company,true,bfedfe754fb989d565b83fa84e42fc21b582d2041aee533f9f591ef46308f5dd
C00196,V0087,2025-08-14,2026-04-26,468677.91,Professional Services,approved,fictional_corporate_spend_v1,synthetic_fictional_company,true,55f7cacb0b025c2c626b19599731893f27ddc6b48ad8bd5a35bca23684028f31
C00197,V0025,2025-01-26,2026-03-03,2041622.57,Marketing,approved,fictional_corporate_spend_v1,synthetic_fictional_company,true,08d84b7f5085102e9af407255a69ce1a850760d9bb72dcbe40b9e2e519b6589a
C00198,V0088,2024-11-01,2025-04-13,546526.77,Professional Services,approved,fictional_corporate_spend_v1,synthetic_fictional_company,true,2e2794a19673771b6d0b13bed4152c347752211ae37d49e2b08ba6ee0875e6da
C00199,V0016,2025-04-14,2026-03-31,2017999.29,Professional Services,approved,fictional_corporate_spend_v1,synthetic_fictional_company,true,b2bb1d9f3a24ba80014d87dcfcc293c909380fa8d88c332fb508666021f2bba4
C00200,V0103,2025-08-04,2026-02-03,1825456.77,Travel,approved,fictional_corporate_spend_v1,synthetic_fictional_company,true,350b0a2b8c27c850ef812c2ce4eea8c3540981ea0bafbf4b7c34709571feee0e
