department_id,department_name,cost_centre,scenario_id,record_origin,is_synthetic,source_record_id
D001,Finance,CC-1001,fictional_corporate_spend_v1,synthetic_fictional_company,true,d8957caa50fd41343ceb8b8c6b6d99c2b967616f6aaffd777e269b5c184fbd55
D002,Technology,CC-1002,fictional_corporate_spend_v1,synthetic_fictional_company,true,e65a46b182b1f31837ed618bf9edd61c6e2f5b6d405a349c1fd058feb74ce340
D003,Operations,CC-1003,fictional_corporate_spend_v1,synthetic_fictional_company,true,88aa930cd554f0d9c00955b99e3f67b0a9253d203c94f1e55f7b423169bdd3c8
D004,Procurement,CC-1004,fictional_corporate_spend_v1,synthetic_fictional_company,true,5567ba98d19c220be18389333c1ac8f2cefb3a87502fec743c66cf286766674c
D005,Marketing,CC-1005,fictional_corporate_spend_v1,synthetic_fictional_company,true,73d5e8834fc393b7be962d7333dae39754550537b4b8b578140b05d550302a32
D006,People,CC-1006,fictional_corporate_spend_v1,synthetic_fictional_company,true,be5d6149e64ec79ca00903b150bdfab20347b39f49ffb2d6d016470370b711d4
D007,Legal,CC-1007,fictional_corporate_spend_v1,synthetic_fictional_company,true,603c66c934d112d1bf02dfa7b46ffcef17d3b888d493a1ab602c58010221b654
D008,Sales,CC-1008,fictional_corporate_spend_v1,synthetic_fictional_company,true,463309781da5edbd635269a551c232b0900dedecd2de5098d98bbdf0e6772428
D009,Customer Success,CC-1009,fictional_corporate_spend_v1,synthetic_fictional_company,true,a670200366c1aeb4982bca6237f4d2b891fb42ce683d9bd4c58cf6a2e9c1f1fe
D010,Risk,CC-1010,fictional_corporate_spend_v1,synthetic_fictional_company,true,0d920cea5f9bdacc64c26134d63b1e6ee3e91ea32c25d9d88bc47943f30809d7
D011,Facilities,CC-1011,fictional_corporate_spend_v1,synthetic_fictional_company,true,1f2dcad9c534586c41ba7779927efe26a1a13887e74908321842fac000e7a39c
D012,Research,CC-1012,fictional_corporate_spend_v1,synthetic_fictional_company,true,0797a6df37f339e52714bc9dc686f9964d04c779a51169a633e19e590a928358
