vendor_id,vendor_name,country,default_currency,primary_category,risk_tier,scenario_id,record_origin,is_synthetic,source_record_id
V0001,Fictional Vendor 001 - Cloud Services,United Kingdom,GBP,Cloud Services,Low,fictional_corporate_spend_v1,synthetic_fictional_company,true,a7fff4404f4c6d11c8808852d1f9b607592a62b707dd881d80349992bc48903a
V0002,Fictional Vendor 002 - Software,Ireland,EUR,Software,Low,fictional_corporate_spend_v1,synthetic_fictional_company,true,94438698f261cadd0738c0d1eb1f9ab6d20945e687096863f85cb4aa3d88f42b
V0003,Fictional Vendor 003 - Professional Services,Germany,EUR,Professional Services,Medium,fictional_corporate_spend_v1,synthetic_fictional_company,true,eb65804f5600b21e93054c34d343b6889fd6bd80d40b84c89afe7c1e9c9d5a9e
V0004,Fictional Vendor 004 - Facilities,France,EUR,Facilities,Low,fictional_corporate_spend_v1,synthetic_fictional_company,true,c794f7f0d2e98e9a2bb740fc86ec5a67253585e585ef08db53c5939632fc0fdf
V0005,Fictional Vendor 005 - Marketing,Netherlands,EUR,Marketing,Low,fictional_corporate_spend_v1,synthetic_fictional_company,true,ddcfe35f2bd7f78c06e526feb65bb2ecbc7b059ecd66a5d053cd90d13cb738cc
V0006,Fictional Vendor 006 - Travel,United States,USD,Travel,Low,fictional_corporate_spend_v1,synthetic_fictional_company,true,e3bcf9437f1c5f427140b90b86ba3e423127b932e90ad4b71e6f8226192233dc
V0007,Fictional Vendor 007 - Telecommunications,United Kingdom,GBP,Telecommunications,Low,fictional_corporate_spend_v1,synthetic_fictional_company,true,9f56a46c75b6764866848ca0b834d6a3607e3c214857cfdd290dc50a47cfad1c
V0008,Fictional Vendor 008 - Office Supplies,Ireland,EUR,Office Supplies,Low,fictional_corporate_spend_v1,synthetic_fictional_company,true,b1ac13ad912be1ee7ffa4ca381057d6230e7146053b69e89d3f390ee250d90a0
V0009,Fictional Vendor 009 - Training,Germany,EUR,Training,Medium,fictional_corporate_spend_v1,synthetic_fictional_company,true,6cacb562e2f1cc22807c23142c8cc2bef63122c0d347f0f76a6690a276f80d5f
V0010,Fictional Vendor 010 - Logistics,France,EUR,Logistics,Low,fictional_corporate_spend_v1,synthetic_fictional_company,true,b456406bf0b7a20a4cfba034aa08674620b4d0a5e4cf0400d52fd11e31f1e876
V0011,Fictional Vendor 011 - Cloud Services,Netherlands,EUR,Cloud Services,Low,fictional_corporate_spend_v1,synthetic_fictional_company,true,c50b24800139c4223bf0e6c026a307438c68c91d36a2feaf9c3878c1bf930989
V0012,Fictional Vendor 012 - Software,United States,USD,Software,Medium,fictional_corporate_spend_v1,synthetic_fictional_company,true,02078448755215c03d6e2ada6c899c4428cfbc9adbbede67a230d9c946ee18df
V0013,Fictional Vendor 013 - Professional Services,United Kingdom,GBP,Professional Services,Medium,fictional_corporate_spend_v1,synthetic_fictional_company,true,d4629a750e59cac90427782a2ecdabc77a9e120ea54525d87eecac9b69d95bd7
V0014,Fictional Vendor 014 - Facilities,Ireland,EUR,Facilities,Low,fictional_corporate_spend_v1,synthetic_fictional_company,true,9a3d9238237b48ddddc55208e1105d9ff612564e258dfc7919b322aa261c0d8b
V0015,Fictional Vendor 015 - Marketing,Germany,EUR,Marketing,Low,fictional_corporate_spend_v1,synthetic_fictional_company,true,917fef2e6ca8b5f83cd0690c7fc1f5938d0a510d9377244748645b929adc97ec
V0016,Fictional Vendor 016 - Travel,France,EUR,Travel,Low,fictional_corporate_spend_v1,synthetic_fictional_company,true,3e9483a82e3781389a46746c210a04bebeab7f9a308bd2b0deb5e89b0c3646c7
V0017,Fictional Vendor 017 - Telecommunications,Netherlands,EUR,Telecommunications,Medium,fictional_corporate_spend_v1,synthetic_fictional_company,true,e7f509b1b66871fe5a283f9a74db5e8c0e04c8e9a88c6e0bf8443432f2b1b932
V0018,Fictional Vendor 018 - Office Supplies,United States,USD,Office Supplies,Medium,fictional_corporate_spend_v1,synthetic_fictional_company,true,501836d1afd8428d5093c817fb3ad5451de728e015154c0f36587c594d3d737c
V0019,Fictional Vendor 019 - Training,United Kingdom,GBP,Training,Low,fictional_corporate_spend_v1,synthetic_fictional_company,true,f003ecfcf96947af0001bdc4bd55163a7b3352bdba2c2eaca4f98ceb792fa40c
V0020,Fictional Vendor 020 - Logistics,Ireland,EUR,Logistics,Medium,fictional_corporate_spend_v1,synthetic_fictional_company,true,f06813bd89086c433c60279ff8167f9b579fc07d6b33b9f20b735080571351b0
V0021,Fictional Vendor 021 - Cloud Services,Germany,EUR,Cloud Services,Low,fictional_corporate_spend_v1,synthetic_fictional_company,true,6372095e3bf2b08bb41ce8a6f12a8fa58cd9a11cd28ec205af241d74b80745c9
V0022,Fictional Vendor 022 - Software,France,EUR,Software,Low,fictional_corporate_spend_v1,synthetic_fictional_company,true,df84fdfa198a1b6e6921b19b0c971ccfde7d68e4eea09c4c988dd968c97b7928
V0023,Fictional Vendor 023 - Professional Services,Netherlands,EUR,Professional Services,Medium,fictional_corporate_spend_v1,synthetic_fictional_company,true,3bdf3e42462be845db45529953959b7b00f31853e88051291631c4795126c7b2
V0024,Fictional Vendor 024 - Facilities,United States,USD,Facilities,Low,fictional_corporate_spend_v1,synthetic_fictional_company,true,f1986b79b3b90c0f962b0aa656f6b67305aeca90115f687b0b6ae017f35a8957
V0025,Fictional Vendor 025 - Marketing,United Kingdom,GBP,Marketing,Low,fictional_corporate_spend_v1,synthetic_fictional_company,true,2e3453266c7e4e97c53fb88f3f710edcd6d341d75b80206da5fb9a7641d1fb0f
V0026,Fictional Vendor 026 - Travel,Ireland,EUR,Travel,Low,fictional_corporate_spend_v1,synthetic_fictional_company,true,eb10c7e908b415f9d336c361dfb363765f7ebc41979b461d82a38a080bc6a50a
V0027,Fictional Vendor 027 - Telecommunications,Germany,EUR,Telecommunications,Low,fictional_corporate_spend_v1,synthetic_fictional_company,true,bd74dc42e0b889efeb492a9fa79c6fd7f46cc9126ce248b5acafa6eb9ca5a813
V0028,Fictional Vendor 028 - Office Supplies,France,EUR,Office Supplies,Low,fictional_corporate_spend_v1,synthetic_fictional_company,true,0d31efa33d0504cabab263eeeabce974dd79534effb09cc3898e46201085472b
V0029,Fictional Vendor 029 - Training,Netherlands,EUR,Training,Low,fictional_corporate_spend_v1,synthetic_fictional_company,true,fd110631572cb654f8891c2d9f5cc6793c50f3b68f63cb0fd77dad1118ab5a60
V0030,Fictional Vendor 030 - Logistics,United States,USD,Logistics,High,fictional_corporate_spend_v1,synthetic_fictional_company,true,f73ac50e1acf457c4a362911922019a37d687c86228a10c923f43e74765f7dd2
V0031,Fictional Vendor 031 - Cloud Services,United Kingdom,GBP,Cloud Services,Low,fictional_corporate_spend_v1,synthetic_fictional_company,true,0a612e33fe01fdf0ecd34b11918d6c48af4085c9b8bb0e42bbf12d1ae8bece21
V0032,Fictional Vendor 032 - Software,Ireland,EUR,Software,Medium,fictional_corporate_spend_v1,synthetic_fictional_company,true,b63b8c84aa9de89d842e45be6ffd7ce62aada0520de76f9095e1e4c3578322f1
V0033,Fictional Vendor 033 - Professional Services,Germany,EUR,Professional Services,Medium,fictional_corporate_spend_v1,synthetic_fictional_company,true,280e03a276818be6f022d4637e420dbc76866212524d3c756f29033486cce02a
V0034,Fictional Vendor 034 - Facilities,France,EUR,Facilities,High,fictional_corporate_spend_v1,synthetic_fictional_company,true,14f2f020047742c27945394f6e7058da781be5d0277aac2a1c590d9a3504d108
V0035,Fictional Vendor 035 - Marketing,Netherlands,EUR,Marketing,Low,fictional_corporate_spend_v1,synthetic_fictional_company,true,92f94e80e0c52b050eaa89b877ef1d39369e0d2d5c7dda82a2f421ba771bf465
V0036,Fictional Vendor 036 - Travel,United States,USD,Travel,Low,fictional_corporate_spend_v1,synthetic_fictional_company,true,d0b8c5cc7dc63b9846ffaddb446ddd84c23132d5dd4a1cb8e8e8b20ae18e3b56
V0037,Fictional Vendor 037 - Telecommunications,United Kingdom,GBP,Telecommunications,Medium,fictional_corporate_spend_v1,synthetic_fictional_company,true,d4eba0d124c14b021eafaf7d3631836c9c92e55a17f802d15c2a6571a31d3c3f
V0038,Fictional Vendor 038 - Office Supplies,Ireland,EUR,Office Supplies,Low,fictional_corporate_spend_v1,synthetic_fictional_company,true,64840c57baebd44d3ccccafce495f981c925bd98bf6d47d2014d0c1bfc608d15
V0039,Fictional Vendor 039 - Training,Germany,EUR,Training,Low,fictional_corporate_spend_v1,synthetic_fictional_company,true,dbeae29e0d3564bffbe2cef40b0768e3cf32385bbe6de7e7b6aacd3ef0f5cf36
V0040,Fictional Vendor 040 - Logistics,France,EUR,Logistics,Low,fictional_corporate_spend_v1,synthetic_fictional_company,true,b9850bf00a164ceec8a2926f8fa8158654d163765d0a5187f80d8a09020d937c
V0041,Fictional Vendor 041 - Cloud Services,Netherlands,EUR,Cloud Services,Low,fictional_corporate_spend_v1,synthetic_fictional_company,true,3f277f0d83edd52edcc8a86d5b1237007e0db54aeadca4fdc564500c70c8b3f7
V0042,Fictional Vendor 042 - Software,United States,USD,Software,Low,fictional_corporate_spend_v1,synthetic_fictional_company,true,3b0d36854de091d98647a1d4a6e83e4f6658dc4bfe67ff266437f53186ed3dc3
V0043,Fictional Vendor 043 - Professional Services,United Kingdom,GBP,Professional Services,Low,fictional_corporate_spend_v1,synthetic_fictional_company,true,bfdb494bed56acd29d3525fe61946dd605c023d8e8b4677d01b85b6ce61de5e3
V0044,Fictional Vendor 044 - Facilities,Ireland,EUR,Facilities,Low,fictional_corporate_spend_v1,synthetic_fictional_company,true,4f0c287fd43891dc14f59db39e7d752e5b4f6117f094752b594ec696c04c852f
V0045,Fictional Vendor 045 - Marketing,Germany,EUR,Marketing,Low,fictional_corporate_spend_v1,synthetic_fictional_company,true,4b9b121d1023e245114df119b724d205711f82d732a106b88d53a9bb56388288
V0046,Fictional Vendor 046 - Travel,France,EUR,Travel,Low,fictional_corporate_spend_v1,synthetic_fictional_company,true,5ca36dd0459753e2b81347211d436fb7d851ab8964180cd8a55da015c8d118b2
V0047,Fictional Vendor 047 - Telecommunications,Netherlands,EUR,Telecommunications,Low,fictional_corporate_spend_v1,synthetic_fictional_company,true,92045fdb4221ee4d40b1f4ddf8dcf33585ec76f2d26a9635762501549e8dce7a
V0048,Fictional Vendor 048 - Office Supplies,United States,USD,Office Supplies,Low,fictional_corporate_spend_v1,synthetic_fictional_company,true,2c45cfe28fc247d650a96e58026f2da8c38c375a4862b0a6f97fe3121c8040a1
V0049,Fictional Vendor 049 - Training,United Kingdom,GBP,Training,Low,fictional_corporate_spend_v1,synthetic_fictional_company,true,3fac31a241bdb61226858cf1135ade0d89f94fbc3d7b4e675c2c103b62c8eac3
V0050,Fictional Vendor 050 - Logistics,Ireland,EUR,Logistics,Low,fictional_corporate_spend_v1,synthetic_fictional_company,true,127e2e5d2e4e63504553405bac600cc8e9f0cee988e7a4212c1c3fb9720a447a
V0051,Fictional Vendor 051 - Cloud Services,Germany,EUR,Cloud Services,Low,fictional_corporate_spend_v1,synthetic_fictional_company,true,6086ef25a9e7960d7ade0faf380adeaef467e77d1a9ba2532f79100e1bcc1138
V0052,Fictional Vendor 052 - Software,France,EUR,Software,Low,fictional_corporate_spend_v1,synthetic_fictional_company,true,f15054d01577325f5ec565aa15f01c5f6e8dfd3a47d9aa70cef4bde9274ed85a
V0053,Fictional Vendor 053 - Professional Services,Netherlands,EUR,Professional Services,Low,fictional_corporate_spend_v1,synthetic_fictional_company,true,0512f2862c7e96cda2c5d9eeb867233a1cfc00aafe4de1d80c93a85ec1e76406
V0054,Fictional Vendor 054 - Facilities,United States,USD,Facilities,Medium,fictional_corporate_spend_v1,synthetic_fictional_company,true,60ae7690e33e83ab3741b0373b5793338c49af2b7b51eeef59a63865193ca1f2
V0055,Fictional Vendor 055 - Marketing,United Kingdom,GBP,Marketing,Low,fictional_corporate_spend_v1,synthetic_fictional_company,true,8fdd8b9d3ae098fa0d4724a2b88af626678d382c83747fff4bb89b8cd1c2611c
V0056,Fictional Vendor 056 - Travel,Ireland,EUR,Travel,Low,fictional_corporate_spend_v1,synthetic_fictional_company,true,c8651eb96d9c2f4482fff29d7d552f294f0521e32d7ffb7570e3706d696c53a7
V0057,Fictional Vendor 057 - Telecommunications,Germany,EUR,Telecommunications,Low,fictional_corporate_spend_v1,synthetic_fictional_company,true,b1cba6d2a50049ee3fd0c4caadae17ced731ee65a26a1e5c8fa615326e676e3f
V0058,Fictional Vendor 058 - Office Supplies,France,EUR,Office Supplies,Low,fictional_corporate_spend_v1,synthetic_fictional_company,true,83f1a9d66a4248aa06a5404905e475f5a251db036e35ad1c429a8d35f3500f27
V0059,Fictional Vendor 059 - Training,Netherlands,EUR,Training,Low,fictional_corporate_spend_v1,synthetic_fictional_company,true,44c0f5f28e8da9d72b766c594ede27f21a3d0b1d5ea07d775fb1094003f13396
V0060,Fictional Vendor 060 - Logistics,United States,USD,Logistics,Low,fictional_corporate_spend_v1,synthetic_fictional_company,true,1ba95628b42a9feeddc139b40fd9d3052417182488b3a0b1fc24ca513ab5708e
V0061,Fictional Vendor 061 - Cloud Services,United Kingdom,GBP,Cloud Services,Medium,fictional_corporate_spend_v1,synthetic_fictional_company,true,6a86a5744360f70058056a03cbc4632262fdd1201347937ec6e0bfba80950db0
V0062,Fictional Vendor 062 - Software,Ireland,EUR,Software,Low,fictional_corporate_spend_v1,synthetic_fictional_company,true,7a694eaa7483590daaa65336e16e57946af2d4f6082297bd08b3a7fc2f4c4aa0
V0063,Fictional Vendor 063 - Professional Services,Germany,EUR,Professional Services,Medium,fictional_corporate_spend_v1,synthetic_fictional_company,true,10067d371b3428cf39bc0f77b64f3a0d54e4905dd8851cdece58753216b6539e
V0064,Fictional Vendor 064 - Facilities,France,EUR,Facilities,Medium,fictional_corporate_spend_v1,synthetic_fictional_company,true,8bafa9eb8983b84d18139ab62f1311e80656e79ec5028922d9cb7e933ac0cce5
V0065,Fictional Vendor 065 - Marketing,Netherlands,EUR,Marketing,Low,fictional_corporate_spend_v1,synthetic_fictional_company,true,672effcafbe360315577a062b0380861b900e7671f3a7f8344a994a9e6ac44b2
V0066,Fictional Vendor 066 - Travel,United States,USD,Travel,Medium,fictional_corporate_spend_v1,synthetic_fictional_company,true,98940cf71783bbc34ad3c3eeda1972cb0c5c32607bee197c8e13aab83f703d83
V0067,Fictional Vendor 067 - Telecommunications,United Kingdom,GBP,Telecommunications,Low,fictional_corporate_spend_v1,synthetic_fictional_company,true,dda71f7ccd9dd492b7ca18323492f6654338b5fda868c7aecfe99b6841a1fb22
V0068,Fictional Vendor 068 - Office Supplies,Ireland,EUR,Office Supplies,Low,fictional_corporate_spend_v1,synthetic_fictional_company,true,7530e1e75a463243bfebde5af963a860b18e7910a1071270d677170c90c15ba7
V0069,Fictional Vendor 069 - Training,Germany,EUR,Training,Medium,fictional_corporate_spend_v1,synthetic_fictional_company,true,a883372e4dd284dc06b2348f985b8e4c62e76fe212fb5adad1a7dc68d6ffa50d
V0070,Fictional Vendor 070 - Logistics,France,EUR,Logistics,Low,fictional_corporate_spend_v1,synthetic_fictional_company,true,0c3ffdc6ab13146dd69c10c823305e71c519bd3856f03b31b9324b338a7a6d51
V0071,Fictional Vendor 071 - Cloud Services,Netherlands,EUR,Cloud Services,Medium,fictional_corporate_spend_v1,synthetic_fictional_company,true,f8d4448a1a8ea1dd32bd022dc67450b37da1e98ea0d49e5fa6795b1c65d336a2
V0072,Fictional Vendor 072 - Software,United States,USD,Software,Low,fictional_corporate_spend_v1,synthetic_fictional_company,true,9700f98cf6402f6beaa78a5a9042b5f6f18ff83f02716e9c34b3204d09588477
V0073,Fictional Vendor 073 - Professional Services,United Kingdom,GBP,Professional Services,Low,fictional_corporate_spend_v1,synthetic_fictional_company,true,029b94de789b0dbbbaa4e8bb89c41eda435bc70ef6cdc9bf35bd74903cf7e102
V0074,Fictional Vendor 074 - Facilities,Ireland,EUR,Facilities,High,fictional_corporate_spend_v1,synthetic_fictional_company,true,f9d120cd7ecd8d064d1e0968b9a00474ebd788b286865bd251b6b1a2017d3021
V0075,Fictional Vendor 075 - Marketing,Germany,EUR,Marketing,Low,fictional_corporate_spend_v1,synthetic_fictional_company,true,af5ee184da99529db71670ba724ed2291692fd99e242223de75e97141d29f94a
V0076,Fictional Vendor 076 - Travel,France,EUR,Travel,Low,fictional_corporate_spend_v1,synthetic_fictional_company,true,4a6ba2428ce24b9f34f58658c1de4012d34fe519a04e77caf88f40ee2895f783
V0077,Fictional Vendor 077 - Telecommunications,Netherlands,EUR,Telecommunications,Low,fictional_corporate_spend_v1,synthetic_fictional_company,true,230ef5f28eb2272e7bf5b139899f920d4b612e64f1e549e76755bd31b1369777
V0078,Fictional Vendor 078 - Office Supplies,United States,USD,Office Supplies,Low,fictional_corporate_spend_v1,synthetic_fictional_company,true,61e21b38397ece2fe25aea9c5e3f849935a636779f2f0521677e53dfa4bf17d5
V0079,Fictional Vendor 079 - Training,United Kingdom,GBP,Training,Medium,fictional_corporate_spend_v1,synthetic_fictional_company,true,9c04f46ea455795b3ec062900d9ba9d2cbc015edf74533301a5a91fb782d7d07
V0080,Fictional Vendor 080 - Logistics,Ireland,EUR,Logistics,Low,fictional_corporate_spend_v1,synthetic_fictional_company,true,f4634fe436e23b3a4216cacf35e89343017c41e8960775e58d74e6e7f270115a
V0081,Fictional Vendor 081 - Cloud Services,Germany,EUR,Cloud Services,Medium,fictional_corporate_spend_v1,synthetic_fictional_company,true,f5b407875be2023677d244924a57a3d0799b6101550039cbc5e98d1a1f4881df
V0082,Fictional Vendor 082 - Software,France,EUR,Software,High,fictional_corporate_spend_v1,synthetic_fictional_company,true,b7fa6e62b2ae35c832577a01cdd7a809279a644c2586155aaa739da16ab19520
V0083,Fictional Vendor 083 - Professional Services,Netherlands,EUR,Professional Services,Low,fictional_corporate_spend_v1,synthetic_fictional_company,true,454a1b892291ad1aa6aa6ca68a3f34f1f8cc3ba54e3508e93174725476d7dc5d
V0084,Fictional Vendor 084 - Facilities,United States,USD,Facilities,Low,fictional_corporate_spend_v1,synthetic_fictional_company,true,f5ad7cd0990dc3f1f42c956d885234abadee9f5ef9a6f0a83a1c99756a473ae7
V0085,Fictional Vendor 085 - Marketing,United Kingdom,GBP,Marketing,Low,fictional_corporate_spend_v1,synthetic_fictional_company,true,6273cdaa188919b443f63413dc4e8efc1ba13c2303503f8472ce9a33659162ee
V0086,Fictional Vendor 086 - Travel,Ireland,EUR,Travel,Low,fictional_corporate_spend_v1,synthetic_fictional_company,true,69e8bc7cc9335c3058e47d3f5aaf5cac78c30f0907f653e3f9f0ed31f588c3ea
V0087,Fictional Vendor 087 - Telecommunications,Germany,EUR,Telecommunications,Low,fictional_corporate_spend_v1,synthetic_fictional_company,true,ce9fb1879a2076102172d39e8a02d90dc42766b811d8b4938a91182376149fbc
V0088,Fictional Vendor 088 - Office Supplies,France,EUR,Office Supplies,Low,fictional_corporate_spend_v1,synthetic_fictional_company,true,8dbca769a63cd0b7e1025486c3ea3ac4abb05ece20920b088d6e003ca2674670
V0089,Fictional Vendor 089 - Training,Netherlands,EUR,Training,Medium,fictional_corporate_spend_v1,synthetic_fictional_company,true,c8c5e018226585e3ab0a12016a1d170c79f9959834605f5339b725fa558417e2
V0090,Fictional Vendor 090 - Logistics,United States,USD,Logistics,Low,fictional_corporate_spend_v1,synthetic_fictional_company,true,ddbe68f5050dafc529df81a7a7b5c7ed3735fc9ce2341e8dd03852690fa9e572
V0091,Fictional Vendor 091 - Cloud Services,United Kingdom,GBP,Cloud Services,Low,fictional_corporate_spend_v1,synthetic_fictional_company,true,eec0e8027f4c80076fd93953938ad42a6802593bb1e1a6f3bf9be4ad04491c65
V0092,Fictional Vendor 092 - Software,Ireland,EUR,Software,Medium,fictional_corporate_spend_v1,synthetic_fictional_company,true,ef5414b77a7b8b9124614b68c6e0f0d1d388f84724e66105ae96fb11995edbea
V0093,Fictional Vendor 093 - Professional Services,Germany,EUR,Professional Services,Medium,fictional_corporate_spend_v1,synthetic_fictional_company,true,0b2a0413de815507a40989248127b063514ec69b3209a4f30b535032ec45854b
V0094,Fictional Vendor 094 - Facilities,France,EUR,Facilities,Medium,fictional_corporate_spend_v1,synthetic_fictional_company,true,5c37bd263072ac3d9580f92f4a6353d8cc9434f791e9056a0b6216427a5fdc14
V0095,Fictional Vendor 095 - Marketing,Netherlands,EUR,Marketing,Medium,fictional_corporate_spend_v1,synthetic_fictional_company,true,806ee4dbb1f434129f88e11c239ae7988ba02377e79466c28f0e57c1833b0347
V0096,Fictional Vendor 096 - Travel,United States,USD,Travel,Low,fictional_corporate_spend_v1,synthetic_fictional_company,true,dc1d2b6cda9dbf430af8e7dc19c373bf61aa42cf7339f36dffc106779a84d8d1
V0097,Fictional Vendor 097 - Telecommunications,United Kingdom,GBP,Telecommunications,Low,fictional_corporate_spend_v1,synthetic_fictional_company,true,5122aef3a5788b41843aa9cf96d860e5002229120bbf5cc502a39539a9f7a183
V0098,Fictional Vendor 098 - Office Supplies,Ireland,EUR,Office Supplies,Low,fictional_corporate_spend_v1,synthetic_fictional_company,true,70b202bc5eef923c6c81ec9258ed28602da74072cb582023d687183e38a4b25d
V0099,Fictional Vendor 099 - Training,Germany,EUR,Training,Medium,fictional_corporate_spend_v1,synthetic_fictional_company,true,07d2e8053287f7673026b3eb137cb73c466f6194b40313e353e9501f41f5c738
V0100,Fictional Vendor 100 - Logistics,France,EUR,Logistics,High,fictional_corporate_spend_v1,synthetic_fictional_company,true,d12be7c99f08c96d45357714022af8e930dbc9866751bd0431d4d38ce2421206
V0101,Fictional Vendor 101 - Cloud Services,Netherlands,EUR,Cloud Services,Low,fictional_corporate_spend_v1,synthetic_fictional_company,true,d8123839409c98bf8c916dc6aa205b222cc8b7add7edeb2c156c030726d96d2f
V0102,Fictional Vendor 102 - Software,United States,USD,Software,Medium,fictional_corporate_spend_v1,synthetic_fictional_company,true,618fba40fb0ed49b5759d88db06c143d6e44c0e27192089ebea390c7b3c6b0e5
V0103,Fictional Vendor 103 - Professional Services,United Kingdom,GBP,Professional Services,Low,fictional_corporate_spend_v1,synthetic_fictional_company,true,ad7099925540a13c200ac07729e354015dca4c738b72a3578b1157b0c03bde2d
V0104,Fictional Vendor 104 - Facilities,Ireland,EUR,Facilities,Low,fictional_corporate_spend_v1,synthetic_fictional_company,true,a4325fef27a0884da704c270df6e84bc0cb08ad848a4bbfd321003da27e5f293
V0105,Fictional Vendor 105 - Marketing,Germany,EUR,Marketing,Low,fictional_corporate_spend_v1,synthetic_fictional_company,true,7a474a9d93651858e29067a890307ad8dd6b96cffcb702d66a352468938278ab
V0106,Fictional Vendor 106 - Travel,France,EUR,Travel,Low,fictional_corporate_spend_v1,synthetic_fictional_company,true,9b5fbda59f351cd27a15e349bd03620c6d37a4c5c3e6eabef99420bf21d81e36
V0107,Fictional Vendor 107 - Telecommunications,Netherlands,EUR,Telecommunications,Low,fictional_corporate_spend_v1,synthetic_fictional_company,true,36a8b10f44e15d7a399e69a95d351f5574350e40954dbcf7c30f9b6f58417797
V0108,Fictional Vendor 108 - Office Supplies,United States,USD,Office Supplies,Low,fictional_corporate_spend_v1,synthetic_fictional_company,true,6a41be096db1ed438be11af24ba89121736b49d1cefa0412f0146033cb4f648b
V0109,Fictional Vendor 109 - Training,United Kingdom,GBP,Training,Low,fictional_corporate_spend_v1,synthetic_fictional_company,true,c8c2944ee1df2531685137c4e457dc7cf2eebf010b81f8e34fc7a5e37db6fce8
V0110,Fictional Vendor 110 - Logistics,Ireland,EUR,Logistics,Medium,fictional_corporate_spend_v1,synthetic_fictional_company,true,5c767f0e55c386d90465b2b40db755b4d5fc8383f3118fdb203010dd0614e757
V0111,Fictional Vendor 111 - Cloud Services,Germany,EUR,Cloud Services,Low,fictional_corporate_spend_v1,synthetic_fictional_company,true,5f1c20d40381c13a4bf9fea1d059654b53bc7b07a85a87e35576a8ed3afa4d8d
V0112,Fictional Vendor 112 - Software,France,EUR,Software,Medium,fictional_corporate_spend_v1,synthetic_fictional_company,true,d8a75619ecc46c1c4d5071911f5064063f4aeec3bd0a0f06f696f1a11abd7392
V0113,Fictional Vendor 113 - Professional Services,Netherlands,EUR,Professional Services,Low,fictional_corporate_spend_v1,synthetic_fictional_company,true,545bcb39a4917bd6c5ca29d654bcdc0a2e49f102ec4c2af10b05036b162ef7d1
V0114,Fictional Vendor 114 - Facilities,United States,USD,Facilities,Low,fictional_corporate_spend_v1,synthetic_fictional_company,true,ee344c5122fbb1f0c22d527e499296db43ed087801a0d0131558e81063043616
V0115,Fictional Vendor 115 - Marketing,United Kingdom,GBP,Marketing,High,fictional_corporate_spend_v1,synthetic_fictional_company,true,883725c0a3ed6f3b6b5042fa2044f86a8de07bfa766817c120f6b4009c895d21
V0116,Fictional Vendor 116 - Travel,Ireland,EUR,Travel,Low,fictional_corporate_spend_v1,synthetic_fictional_company,true,edfbb436228c22129899a0825044f205ab68ab2d5630871893ef419d79ee2917
V0117,Fictional Vendor 117 - Telecommunications,Germany,EUR,Telecommunications,Low,fictional_corporate_spend_v1,synthetic_fictional_company,true,f405454a636bda220539bcb415d6b7345606c3e709d9359b4a25294910549f24
V0118,Fictional Vendor 118 - Office Supplies,France,EUR,Office Supplies,Low,fictional_corporate_spend_v1,synthetic_fictional_company,true,66a6274433d29b7101e70ddcfee47badea32e0084f5f60ed53198b61e7307d84
V0119,Fictional Vendor 119 - Training,Netherlands,EUR,Training,Low,fictional_corporate_spend_v1,synthetic_fictional_company,true,ecee4d831ecd854c1b2d59ef46336fd1d39ae9a3b2e761711971fa721a2e9cae
V0120,Fictional Vendor 120 - Logistics,United States,USD,Logistics,Medium,fictional_corporate_spend_v1,synthetic_fictional_company,true,d3abe40711e726194b7cea6960f6ca5e560eb39f80c11124b7255a800a4a1153
V0121,Fictional Vendor 121 - Cloud Services,United Kingdom,GBP,Cloud Services,Low,fictional_corporate_spend_v1,synthetic_fictional_company,true,310fd8656648e4a68a7a8f2e918736f8dbc545d545631187fd7d4ab8e046ba71
V0122,Fictional Vendor 122 - Software,Ireland,EUR,Software,Low,fictional_corporate_spend_v1,synthetic_fictional_company,true,9c44397ab8b6d9f8906d254249ee47a4a3a572df96423e9baf5ef9345a5f274c
V0123,Fictional Vendor 123 - Professional Services,Germany,EUR,Professional Services,Medium,fictional_corporate_spend_v1,synthetic_fictional_company,true,c0697f6d7d34476c87e298453991a3c92a0f0d63ec20adb107106b0d2584bcb3
V0124,Fictional Vendor 124 - Facilities,France,EUR,Facilities,Low,fictional_corporate_spend_v1,synthetic_fictional_company,true,d1f50a4e9bfc088a2497bb5a25fdc13b5497b996ba8bc37cb0c07bcff8acc97e
V0125,Fictional Vendor 125 - Marketing,Netherlands,EUR,Marketing,High,fictional_corporate_spend_v1,synthetic_fictional_company,true,030fe13f6edbb5d8d694a29d1573665838cacc2526b9da1198267b6f4ec9df43
