response_id,vendor_id,response_date,overall_rating,delivery_rating,quality_rating,support_rating,response_channel,scenario_id,record_origin,is_synthetic,source_record_id
S00001,V0018,2025-06-29,3,2,4,5,Email,fictional_corporate_spend_v1,synthetic_fictional_company,true,f125538e0eee4cfd416642407b0c705eb9f851b7bf3538cd882137002cdfb32d
S00002,V0027,2025-12-29,3,1,1,5,Quarterly Review,fictional_corporate_spend_v1,synthetic_fictional_company,true,7b6b40b7642b695761824ec0c75aec8c9bff38b4988a50bfe6990874270dd1e6
S00003,V0074,2025-03-22,3,4,5,5,Portal,fictional_corporate_spend_v1,synthetic_fictional_company,true,e6f9a2574b5d104f949b7c6ca0963d5e3b084a8e6b9e04ff4488ef9417d270f0
S00004,V0044,2025-10-25,4,5,4,5,Email,fictional_corporate_spend_v1,synthetic_fictional_company,true,d6448bcd693dc9e9e168dc9dac021111f476fb1a5f36721129938e8df6745a0a
S00005,V0008,2026-02-03,3,5,3,2,Quarterly Review,fictional_corporate_spend_v1,synthetic_fictional_company,true,5b7051638c39873894c6818d2b7bd6acadad90251d1da382b007b339d4f00fcf
S00006,V0083,2025-11-03,4,1,4,2,Portal,fictional_corporate_spend_v1,synthetic_fictional_company,true,bb75d502f267f8ebd268a4ecf7bf385479390e41a0766246e139201343619374
S00007,V0125,2025-12-28,4,3,1,3,Email,fictional_corporate_spend_v1,synthetic_fictional_company,true,7a10ad422341728b496e53478dd29365ae0285a24e092db1984cc2415add2ede
S00008,V0013,2025-10-03,2,5,1,3,Email,fictional_corporate_spend_v1,synthetic_fictional_company,true,5b2ed0add40d0ffed85d23e2c02b486b060ddfcb363e3f207531e4cbc9c88707
S00009,V0119,2025-04-28,5,2,1,3,Quarterly Review,fictional_corporate_spend_v1,synthetic_fictional_company,true,e40c68b4d1b46a391cdfe8ce7e9a720cbbc81d019edeb8702ac281a036ad2b17
S00010,V0035,2025-12-18,4,2,3,4,Portal,fictional_corporate_spend_v1,synthetic_fictional_company,true,cce9a0ffe390ca7108398088d614861d0d0d652d4ec6dbf3cd6efcdd76544017
S00011,V0074,2025-12-20,5,3,2,3,Quarterly Review,fictional_corporate_spend_v1,synthetic_fictional_company,true,80d2537019db6ec42ea9c904dd0dccfd8319d1ca701ce02070f3177aa30403c7
S00012,V0005,2026-02-15,5,5,1,1,Portal,fictional_corporate_spend_v1,synthetic_fictional_company,true,26a93252976f527b74e4572d5f66831095ef715732eccfa5940258eb297aa447
S00013,V0079,2025-06-19,4,1,3,3,Email,fictional_corporate_spend_v1,synthetic_fictional_company,true,7f5cf69aeecc8b880e4c5e8c72c2e32de7e6605b650133a8b2bd5c5e0c351d9d
S00014,V0001,2026-01-24,4,5,1,5,Email,fictional_corporate_spend_v1,synthetic_fictional_company,true,c0b6cb9d5cf78b8c4b2fb19f795ea1a0872f29be93e7e32a6de8d751c182dbeb
S00015,V0111,2025-12-12,1,4,2,4,Portal,fictional_corporate_spend_v1,synthetic_fictional_company,true,14a6d88209e8bd30553d68262581e54d29f935ec376a80f78e322762951ed386
S00016,V0098,2026-01-11,4,5,2,2,Quarterly Review,fictional_corporate_spend_v1,synthetic_fictional_company,true,fb25ac7113a86fa941c4ac0246ab34fe56a6105eed8d9c056bdae4dcaf28189a
S00017,V0009,2025-05-10,4,3,2,5,Portal,fictional_corporate_spend_v1,synthetic_fictional_company,true,87c7ab73b8e27beca7aed9a9552fdbc9873d34a18d657116a9b4b89277a91749
S00018,V0071,2025-12-18,2,1,3,2,Portal,fictional_corporate_spend_v1,synthetic_fictional_company,true,2e079c29c9db618f85ac7ebf4ad9e2b73840342799ed62f4d27f45956b78bec6
S00019,V0105,2025-06-11,4,3,2,1,Portal,fictional_corporate_spend_v1,synthetic_fictional_company,true,827b878fa95ce67bab05900d8a912c82268c090438bc610f12ee0dce57461859
S00020,V0113,2025-04-21,4,1,1,3,Email,fictional_corporate_spend_v1,synthetic_fictional_company,true,4277b0ad9cb7269f711b04f948a720c64c465acbfca3fb0dca60f87aad6b041c
S00021,V0015,2025-05-17,5,2,2,4,Email,fictional_corporate_spend_v1,synthetic_fictional_company,true,d22a16c3dddfbd8eaeec503a41399923c3c669b8473a6c60ffc5bc638c6d70e1
S00022,V0010,2026-01-21,4,5,3,1,Portal,fictional_corporate_spend_v1,synthetic_fictional_company,true,638948de808e9213424c0edd5c35af87ce23b878bcbad598a3c4f879fa0b7202
S00023,V0115,2025-10-24,4,4,3,2,Email,fictional_corporate_spend_v1,synthetic_fictional_company,true,b008aece38434c235feae0dc4b152f077b8f0ae68e54c018acdaccbb66534b8f
S00024,V0082,2025-12-26,5,5,5,4,Email,fictional_corporate_spend_v1,synthetic_fictional_company,true,7a2d00c11826cc28e8ce9408fc22dec778e5e77e63c30d6979a535c28e4e98cd
S00025,V0068,2025-05-28,4,4,4,5,Email,fictional_corporate_spend_v1,synthetic_fictional_company,true,6e5f8a539e38c8a9db8a640ca107cfb32c4a7013261c8e6d9cf318ca4d3dfb44
S00026,V0087,2025-11-18,4,1,5,5,Portal,fictional_corporate_spend_v1,synthetic_fictional_company,true,df33d10236bc9e8af37c6e862c802e1a5c8eb88186c938f22a9ae223c08d7c2f
S00027,V0046,2025-03-17,5,4,5,1,Email,fictional_corporate_spend_v1,synthetic_fictional_company,true,db233fe79733bbf35527c002322321fd6124fd292b26ebc84e00e1e0120bc0f5
S00028,V0112,2025-11-18,2,4,1,2,Email,fictional_corporate_spend_v1,synthetic_fictional_company,true,4f98aa8c8f22af8eddea52dff9d183e4c9ccd722bd4454e30dfae248e8e772c3
S00029,V0076,2025-07-05,1,4,3,1,Portal,fictional_corporate_spend_v1,synthetic_fictional_company,true,74255944b58191450055daa68debd565ecdc06083bb0b9c56e2a7cd05f9abe57
S00030,V0037,2025-05-03,4,1,5,5,Portal,fictional_corporate_spend_v1,synthetic_fictional_company,true,006122d5c09da4d66ed34a1c6948c50be6dcdb5a2a979680b4bb7100b5905543
S00031,V0021,2025-09-25,3,4,5,2,Email,fictional_corporate_spend_v1,synthetic_fictional_company,true,d545cc452d55dc07f628649a657a3ab5a9161d1d09e5c1a463b19928fdeebd5b
S00032,V0002,2025-03-03,4,5,1,5,Quarterly Review,fictional_corporate_spend_v1,synthetic_fictional_company,true,6f5823888423ac34369fce6a0d8ddb8d0967e27316c3cb6dafa4c54a6ea89ef3
S00033,V0111,2026-01-04,2,2,5,2,Quarterly Review,fictional_corporate_spend_v1,synthetic_fictional_company,true,f7f4123f48861ec86840d7dfc448c18b503400ecf81d1c3f41c50388864901ae
S00034,V0070,2025-07-22,2,3,3,2,Quarterly Review,fictional_corporate_spend_v1,synthetic_fictional_company,true,6f210ffb4acfd564490cdb83fbe3187326e311f3a75077baa8c9ed99cb52eb1f
S00035,V0035,2025-06-23,3,2,4,3,Quarterly Review,fictional_corporate_spend_v1,synthetic_fictional_company,true,f735d4455470ce24b620d3000c88117240b101ca2968c0d6970d373061bdaec5
S00036,V0120,2025-03-12,4,5,2,3,Quarterly Review,fictional_corporate_spend_v1,synthetic_fictional_company,true,19b8b14a5b63c5d30b2a76240f8d40e25e8f549d27ac345da0dbb059aeb99286
S00037,V0024,2026-01-19,2,2,2,4,Quarterly Review,fictional_corporate_spend_v1,synthetic_fictional_company,true,072bf494a48d2c2cbbcbdeb0bfc5389d36a24d22f04c726053b1d6e6a2e7641f
S00038,V0118,2025-08-28,5,5,1,2,Quarterly Review,fictional_corporate_spend_v1,synthetic_fictional_company,true,91c1674c9689cbe9fe6321299a2c9e1a2e4751947f2ecc69f5d6faf039088791
S00039,V0017,2025-11-02,1,1,4,2,Email,fictional_corporate_spend_v1,synthetic_fictional_company,true,81d5b232f78050ab27361ed274b8681a0b34cfb8d0d72b351156c678c2caacc7
S00040,V0123,2025-03-31,4,4,5,4,Quarterly Review,fictional_corporate_spend_v1,synthetic_fictional_company,true,c464c58035c9c3da6fb8fbf035c571520df79dc6a74d5b93b8febf6d33c8c3b4
S00041,V0054,2025-03-27,3,3,3,1,Email,fictional_corporate_spend_v1,synthetic_fictional_company,true,0dc9cb1cd40750326d73f163031ad54d197c72f5c52fa5a8059d2286f01adac1
S00042,V0032,2025-12-10,3,1,5,3,Email,fictional_corporate_spend_v1,synthetic_fictional_company,true,c18dbb5c05d0307f18f886e2ee9483cd2fd659f706c938c311a503e7e2c0980b
S00043,V0104,2025-04-06,4,1,5,1,Portal,fictional_corporate_spend_v1,synthetic_fictional_company,true,f705d8f0ae9e5015d182ebfc03933a25c2a3dd91c96387f92283af9f9450dd73
S00044,V0064,2025-12-07,4,4,1,5,Quarterly Review,fictional_corporate_spend_v1,synthetic_fictional_company,true,50774bb1dae1d28a50e5771f38c03ffa88975d57618fbdb448d71abdba2fc3ae
S00045,V0094,2025-04-07,5,4,5,2,Quarterly Review,fictional_corporate_spend_v1,synthetic_fictional_company,true,e7000804f5040385103a999b406ebc8d60bcf8a029904910a544b2c5c25d2334
S00046,V0043,2025-06-27,5,5,4,1,Quarterly Review,fictional_corporate_spend_v1,synthetic_fictional_company,true,820930dda70e8aab7eeeec21d3abd3502e3df3fcd5f5370bfdbce52bd4143a7e
S00047,V0030,2025-04-18,4,2,2,3,Email,fictional_corporate_spend_v1,synthetic_fictional_company,true,796dda9f937acac0d2728a3616daf6e6b1a2debdef4a02169434147c29eed6b3
S00048,V0001,2026-02-03,1,3,5,2,Quarterly Review,fictional_corporate_spend_v1,synthetic_fictional_company,true,ac9dd2008d5d3fa3c2fd3c5ed923942473549765b0e7b7058d49c2a6ba8b1487
S00049,V0072,2025-05-16,4,1,5,1,Quarterly Review,fictional_corporate_spend_v1,synthetic_fictional_company,true,bf7069bae8565d170b3a8067fb51ada24837757cdabb4debc68b80a1212ca3e1
S00050,V0092,2025-08-06,4,2,4,1,Portal,fictional_corporate_spend_v1,synthetic_fictional_company,true,aca34589c56da8e078a015775fb890b7eae67fe540f09aa38f801f99dbb90a94
S00051,V0072,2026-01-15,4,5,2,3,Quarterly Review,fictional_corporate_spend_v1,synthetic_fictional_company,true,671b359ba519c6c7bb73e1b5637ff9a3b9eb65aecc35fb1a08fd67a64a3eb65d
S00052,V0075,2026-01-15,5,2,1,4,Email,fictional_corporate_spend_v1,synthetic_fictional_company,true,3cd2ecb600ff92c4523cf89d88102734db0b0a23324692381b28e07d0ea00ec2
S00053,V0001,2025-08-10,4,4,1,1,Quarterly Review,fictional_corporate_spend_v1,synthetic_fictional_company,true,e571a1558435d860a763e7d17fed52ed1cdaa4431cb08730f587db9e26b7814e
S00054,V0043,2025-10-06,5,3,1,4,Quarterly Review,fictional_corporate_spend_v1,synthetic_fictional_company,true,82a2cc40325f43f2305a9e867c674017f247eba776ff130f030cdd96705682ad
S00055,V0076,2025-04-13,4,4,2,1,Email,fictional_corporate_spend_v1,synthetic_fictional_company,true,2144bf7cbaf8952f2de9138d61daad38fa1465394e6866b2a34137e0c37be228
S00056,V0040,2025-04-15,3,5,1,3,Email,fictional_corporate_spend_v1,synthetic_fictional_company,true,73504426f46591d5ca7dcc42a92a0dd5ecfccd8198886dc04379d9c76318fc62
S00057,V0010,2025-03-22,5,3,3,4,Email,fictional_corporate_spend_v1,synthetic_fictional_company,true,e3556bdbd37aaac8f2cddd4441c8237372360cec06d9f17b53980e7e08d5486b
S00058,V0088,2025-07-01,5,5,4,4,Quarterly Review,fictional_corporate_spend_v1,synthetic_fictional_company,true,9f02795549bce3f275eba3d5dfbede38cdca46ed308c88dcd1ba5bd77abae1c5
S00059,V0113,2026-02-15,5,5,4,3,Quarterly Review,fictional_corporate_spend_v1,synthetic_fictional_company,true,4ecf21af1f5f6be7dccf76ef2dde2ea6451b94c5ee4140568bb674eb5b0dabc4
S00060,V0046,2026-01-12,4,5,5,1,Portal,fictional_corporate_spend_v1,synthetic_fictional_company,true,50e8db042aa85ffb09651a5cc4142a7366c6d4c047a853c32ef7feb24ad73a11
S00061,V0106,2025-09-03,5,2,5,2,Quarterly Review,fictional_corporate_spend_v1,synthetic_fictional_company,true,1f3443cab09416073bdba79b609e94bbe829dca2c900b2900b7b4907bdd5c2e3
S00062,V0080,2025-10-24,2,5,1,4,Quarterly Review,fictional_corporate_spend_v1,synthetic_fictional_company,true,ea8225c220bfaaa0e5d14054018796908145a5f7428df09ae9389c55fce85737
S00063,V0032,2025-04-27,2,2,4,2,Quarterly Review,fictional_corporate_spend_v1,synthetic_fictional_company,true,7d82f9a310dc1dd1e92acc3970e1a7da157fd74d4ef757d70785ce343cb0e55a
S00064,V0041,2025-10-16,4,3,3,5,Email,fictional_corporate_spend_v1,synthetic_fictional_company,true,b4753424a04a6f0c4b8fcdcf137802520d200656bbe57b35757699e1de23f8eb
S00065,V0072,2025-12-19,3,3,1,2,Email,fictional_corporate_spend_v1,synthetic_fictional_company,true,7c137e2697db5ea41f62c59778f08486868ade10e6b8c328d2549ce4dc813973
S00066,V0091,2025-06-05,3,4,3,3,Portal,fictional_corporate_spend_v1,synthetic_fictional_company,true,69be25743ba5b2698a9f56edf41fe8dacd692565dd65445d38c653b67a03a8ae
S00067,V0078,2025-06-23,2,2,1,1,Email,fictional_corporate_spend_v1,synthetic_fictional_company,true,7a00579acb74275f7c575e1b0c6a252fad4eadc9eb8cec0c2ee46ec69f1f9ad6
S00068,V0024,2025-08-06,3,5,2,5,Email,fictional_corporate_spend_v1,synthetic_fictional_company,true,80d62a4e68c4232bc48c75d2f4751e8cacab6132abf56db01c828681ec8822eb
S00069,V0067,2025-12-09,2,3,2,3,Quarterly Review,fictional_corporate_spend_v1,synthetic_fictional_company,true,e80d7043d0ed01b4dde8f54022216e1d0eac72e1882960e59699175af9f9d5db
S00070,V0114,2026-01-15,3,4,3,4,Email,fictional_corporate_spend_v1,synthetic_fictional_company,true,eb8bd345dc90934163304e27a6d4e593a1d8361106f201f576c0911c67e45b4d
S00071,V0123,2025-12-07,1,1,2,1,Portal,fictional_corporate_spend_v1,synthetic_fictional_company,true,ebc8d296b021f61dc939c680486e90ccdb2c439209c2d0407963140f0a214a3b
S00072,V0052,2025-03-11,5,2,2,2,Quarterly Review,fictional_corporate_spend_v1,synthetic_fictional_company,true,a6750febd5b869adac5293c24ca57ac2c40b72941679162d4aa262cc34c2b368
S00073,V0098,2025-07-13,4,3,1,3,Email,fictional_corporate_spend_v1,synthetic_fictional_company,true,8afeb0616bbe452de6d8c87041d5212317ecce2d15884c53a5ea56c8821c08d2
S00074,V0060,2025-08-07,4,5,2,3,Quarterly Review,fictional_corporate_spend_v1,synthetic_fictional_company,true,42ddf598375d0808113338ffbb98a5addb120af6c4afdbffe5c6da00030f79d5
S00075,V0124,2025-09-01,5,2,2,4,Email,fictional_corporate_spend_v1,synthetic_fictional_company,true,48d2451d704c83f4de5a0ca5a1a794be6ca02823acb578322059e9d0082146ef
S00076,V0080,2026-02-04,4,5,3,1,Quarterly Review,fictional_corporate_spend_v1,synthetic_fictional_company,true,af6689cc0cbc48c41e43e340807621aaebb195a84dee267a95eb2b4d6d4bc178
S00077,V0081,2026-02-24,2,3,2,5,Email,fictional_corporate_spend_v1,synthetic_fictional_company,true,7665992f0d9355e3a39a8b9a44be4d3e5c8dd6459b50217141dd8f9ac9a3eb4f
S00078,V0039,2026-02-25,3,5,1,5,Portal,fictional_corporate_spend_v1,synthetic_fictional_company,true,9dbf1619767d4587c83089613ac90ed49727e0d24c1a77af163135d0e7d7fcbd
S00079,V0114,2025-07-15,2,1,5,2,Email,fictional_corporate_spend_v1,synthetic_fictional_company,true,e890ece79cd05b6aaeff177445178739537f2949f99f03bd9c29b9093666d20b
S00080,V0025,2025-04-01,3,2,3,5,Portal,fictional_corporate_spend_v1,synthetic_fictional_company,true,ddb29217305026f662be021dd4fb8247586bf01bfa06a4f19a087197e0f9e374
S00081,V0019,2025-12-06,2,4,2,4,Portal,fictional_corporate_spend_v1,synthetic_fictional_company,true,34401a576f36a5a23199bc5c0c73e7c5697d6c1b52be038aab9d2b8bae98db23
S00082,V0110,2025-06-24,3,4,3,2,Quarterly Review,fictional_corporate_spend_v1,synthetic_fictional_company,true,d0ace705949ca092325c470ab90bcd0cdd32a58a806d8e451a0931737149a6a9
S00083,V0011,2025-10-02,2,2,5,3,Portal,fictional_corporate_spend_v1,synthetic_fictional_company,true,8b0a64154957433cbc674e63a4dea1cdcd8b15ffb39342ab483b3b09afa3db1d
S00084,V0043,2025-10-21,3,4,1,2,Email,fictional_corporate_spend_v1,synthetic_fictional_company,true,db60a49ecec892cb74d64f96e1b93fc2884d8d467d3dddf9e0bd483b5a24e184
S00085,V0045,2025-04-22,4,3,2,5,Quarterly Review,fictional_corporate_spend_v1,synthetic_fictional_company,true,ab456bcc3b0b1662fd8847dd86536d352e93ba9732f6002a89c66553e9c6e856
S00086,V0012,2025-10-24,2,3,2,1,Email,fictional_corporate_spend_v1,synthetic_fictional_company,true,ea3d558e8ccc1fe782f537e3b663c4544660bc8b5422997d2f0863d50d7ec068
S00087,V0053,2025-03-06,4,1,5,3,Quarterly Review,fictional_corporate_spend_v1,synthetic_fictional_company,true,e8c2b7cef8e57c9f29a463ef91fd7d7d784a0765e0094164d74c57f7828e5428
S00088,V0084,2025-05-09,4,2,3,1,Email,fictional_corporate_spend_v1,synthetic_fictional_company,true,1cc603afc451ab428fabb93690af43a0a02630ec37e67253d67098dad21b1329
S00089,V0065,2025-11-16,4,4,1,2,Email,fictional_corporate_spend_v1,synthetic_fictional_company,true,18d7b0f7b4d7b8cb11c62625038df15932cc2e575b6c7c457768ff94ba88c962
S00090,V0099,2025-10-19,4,4,3,3,Portal,fictional_corporate_spend_v1,synthetic_fictional_company,true,e1ce322e6c2d866698012ea435e86411970f5156b0af198dd54619c0f56fcb21
S00091,V0063,2025-11-04,4,5,3,4,Quarterly Review,fictional_corporate_spend_v1,synthetic_fictional_company,true,b69c2c9a376bd4d7abdb36463a69fab89c89b22423472fbdc8d664da9b64f515
S00092,V0028,2025-04-10,4,5,3,4,Email,fictional_corporate_spend_v1,synthetic_fictional_company,true,d4cab83ee6e4302212c68e4eaca1c736b960606b19f431468c2e750dc295bf57
S00093,V0106,2025-03-30,4,2,3,3,Email,fictional_corporate_spend_v1,synthetic_fictional_company,true,705a5f41b1ca9f98c6e2089110fa2ed66f1902c143f37dfe60800109fa72a1d1
S00094,V0113,2025-08-19,5,3,3,2,Quarterly Review,fictional_corporate_spend_v1,synthetic_fictional_company,true,3d6d8a3ab81e3773ae22d35db946619a16becdb7f26543d399d8a3449c3a2416
S00095,V0111,2025-07-02,5,2,2,1,Quarterly Review,fictional_corporate_spend_v1,synthetic_fictional_company,true,397b29710fb56427f21afb138d8b103875318fe022c3238298a41b92f6f72a92
S00096,V0085,2025-04-01,4,1,3,4,Email,fictional_corporate_spend_v1,synthetic_fictional_company,true,d369a533aa8da14a2f91a60a5f6157bdbab0689ecceb8a07d208595413b5acf9
S00097,V0101,2025-05-27,2,1,3,1,Email,fictional_corporate_spend_v1,synthetic_fictional_company,true,fd9303fee43c84635cbc03d2f98d6d3e3c2c196a6a292e115a5e5df8e9d28139
S00098,V0035,2025-03-20,3,5,4,5,Quarterly Review,fictional_corporate_spend_v1,synthetic_fictional_company,true,512c0479cc499745c08592762395b2d45ae2ef3dade15a2b2fd1308fef3c8905
S00099,V0111,2025-12-16,4,5,3,3,Portal,fictional_corporate_spend_v1,synthetic_fictional_company,true,2b9c955d936d3c0a7ae2db31d567b7eae4f1a2fea5800847734fae11ea5e0170
S00100,V0064,2026-02-21,4,5,5,4,Quarterly Review,fictional_corporate_spend_v1,synthetic_fictional_company,true,e2b48de56f75e4b98074bd6eb5a5564f7bf422d0c8d96fe3d1cb5356cdb25f7f
S00101,V0123,2025-06-11,3,5,1,5,Email,fictional_corporate_spend_v1,synthetic_fictional_company,true,dd34318d88b76626891219b8b061db755b1700acaa93c484c07c97ce5317c4ef
S00102,V0017,2025-11-11,2,4,4,5,Email,fictional_corporate_spend_v1,synthetic_fictional_company,true,42968801ee0076b619a5e48ff1fe08d18b9c169f492a999dee3f6194e49b79e4
S00103,V0114,2026-01-30,4,3,5,3,Quarterly Review,fictional_corporate_spend_v1,synthetic_fictional_company,true,1266d0da64255109aecf7d77124e8383f7189e89ff832e7a159983fbe2584a33
S00104,V0117,2026-01-29,3,5,1,4,Portal,fictional_corporate_spend_v1,synthetic_fictional_company,true,6603c64c1c23e3d915c658fe0cf365d27eec58193e73b1d30f7dc41a9e43859b
S00105,V0109,2025-08-18,3,2,3,5,Portal,fictional_corporate_spend_v1,synthetic_fictional_company,true,249759793969d4a2a17f6dc7d5a8a1e7de9a8e1602f7bd04f4f6a8d5ec6b63d0
S00106,V0077,2025-04-13,3,2,1,2,Portal,fictional_corporate_spend_v1,synthetic_fictional_company,true,795efad67f48cb9d73f80afe9921e82779bc18f1f2beb1eb15c1df79e8300b45
S00107,V0087,2026-01-03,2,3,5,1,Email,fictional_corporate_spend_v1,synthetic_fictional_company,true,c8948252d7eb389cd08d61357b4fe1f21912fc667fcfba33dbf9028f5ae9b47b
S00108,V0090,2025-10-05,4,5,1,2,Quarterly Review,fictional_corporate_spend_v1,synthetic_fictional_company,true,a3a252c52afa7f054f6d51b8a2ca84830acc1ed4175d4389639d84afe060fae0
S00109,V0097,2025-06-07,2,3,1,3,Quarterly Review,fictional_corporate_spend_v1,synthetic_fictional_company,true,88ad8efa0a5f7dc3d81a3c9c48e98bb8385464582602449545b2a9a710f592d5
S00110,V0110,2025-04-20,4,3,2,3,Quarterly Review,fictional_corporate_spend_v1,synthetic_fictional_company,true,4504218b3e217d2bbaeb701bde702ed55ae4ef334ace47e399f75c264a5633ab
S00111,V0040,2025-08-22,2,3,4,3,Portal,fictional_corporate_spend_v1,synthetic_fictional_company,true,7c1cbdc88ba6948a62ad1b1a596953bc0892fc6ae9cc0e7d518cf0dc59954bb1
S00112,V0083,2025-05-28,4,1,4,2,Portal,fictional_corporate_spend_v1,synthetic_fictional_company,true,d4329b3bea298813fbbf45cbec373b3c30092e2074f4e609763c45301a1f4bee
S00113,V0035,2026-01-09,3,1,1,4,Portal,fictional_corporate_spend_v1,synthetic_fictional_company,true,14dde75369ed19fa0bae7b5b1b7384158ea947b76b7f8b44958b6dd4b9a8f2be
S00114,V0100,2026-01-30,4,4,1,2,Email,fictional_corporate_spend_v1,synthetic_fictional_company,true,7a1cec0cef068bc1666106e9f1fd6e5ba038fdc9d3df109ccdc7e884d47c3bd8
S00115,V0070,2026-01-23,1,2,2,5,Portal,fictional_corporate_spend_v1,synthetic_fictional_company,true,8e8907e35eb43bd57b4e936b4eed62b7b6b3a6180227345e5c8c83ce9265ad10
S00116,V0010,2026-01-18,3,2,3,5,Email,fictional_corporate_spend_v1,synthetic_fictional_company,true,468d4d4bd7c5726b07daf5eef550b6bf22968e082a08bd93b403b11ef6de9c6e
S00117,V0092,2025-03-12,3,1,3,3,Portal,fictional_corporate_spend_v1,synthetic_fictional_company,true,8362ef45764524ab235f42f44c7a5f4ee5e8099bbe6e13be9b8c722156c26996
S00118,V0033,2025-06-07,4,5,4,4,Email,fictional_corporate_spend_v1,synthetic_fictional_company,true,376714c511351bf92f79cea96b4b900a627683657901bb270270c663a44ae4f7
S00119,V0113,2025-05-18,4,4,5,1,Portal,fictional_corporate_spend_v1,synthetic_fictional_company,true,b9b8bbfa50347419aaa46da776eb4ac1b353dbbd79c4715d2ccde6f4f56957b0
S00120,V0122,2025-04-01,3,5,3,5,Quarterly Review,fictional_corporate_spend_v1,synthetic_fictional_company,true,340c0f8bbfce06f65f0efe60cdef866e59c998ec7904da12ef1421ae2c346ce4
S00121,V0027,2025-04-21,5,2,1,5,Portal,fictional_corporate_spend_v1,synthetic_fictional_company,true,6da4e90398ba1ca40fd1606e01b75d4f1083352e537a8dbc17b3cc58609aba2c
S00122,V0055,2025-05-23,5,1,5,2,Email,fictional_corporate_spend_v1,synthetic_fictional_company,true,da8a3ac263a8bd647e5394a04d5615302c51919da2fd4022709d29f081605a1f
S00123,V0115,2025-03-14,1,3,2,5,Portal,fictional_corporate_spend_v1,synthetic_fictional_company,true,5e69d48edc18f130eb8833f8bb82c303ee255b1cb8f497d323b70eeaff217a35
S00124,V0055,2025-05-08,3,2,3,1,Email,fictional_corporate_spend_v1,synthetic_fictional_company,true,b4afecd2f5682baf0b2b443e47b95007ee78a58991b78abc0ab80d67159478c6
S00125,V0052,2025-12-01,4,1,5,2,Quarterly Review,fictional_corporate_spend_v1,synthetic_fictional_company,true,1d81e2aa824e931924494e82e0df7977b62d906d30e3fa1a5584248d39802794
S00126,V0031,2025-09-23,4,3,2,2,Quarterly Review,fictional_corporate_spend_v1,synthetic_fictional_company,true,7656f7d0182e4e403c05183bd1c8c51576f275365f418edaea44f98ded061401
S00127,V0081,2026-02-27,4,4,2,2,Email,fictional_corporate_spend_v1,synthetic_fictional_company,true,f0ddfae50119ab304523313daa4759bbfe456577ed2d6773de9fca8e9dcf91a0
S00128,V0106,2025-08-10,1,5,2,5,Quarterly Review,fictional_corporate_spend_v1,synthetic_fictional_company,true,290e494c81533d504d79dc8f476760f0da1201b5bdf1d33ea84afab8a219d0cc
S00129,V0048,2026-01-23,4,2,3,3,Email,fictional_corporate_spend_v1,synthetic_fictional_company,true,3972eb39d2de7eebb91a56c23ef5027e5342afb2760f558575a9aa37a3f656b1
S00130,V0038,2026-01-21,4,4,4,3,Portal,fictional_corporate_spend_v1,synthetic_fictional_company,true,55fa5671959836dc30784bc50ef2a0e553c8fba8059b789b8e68a534f3b77291
S00131,V0078,2026-01-23,5,2,4,5,Email,fictional_corporate_spend_v1,synthetic_fictional_company,true,a63904399d48b208a7ec904ba373f7653a8a820378a9829e38702668dfa06c00
S00132,V0024,2025-11-22,4,3,1,3,Portal,fictional_corporate_spend_v1,synthetic_fictional_company,true,5bc38247ca56549499c690b76e834e2da1a29fc495f63680f3d1a126c939d497
S00133,V0024,2025-04-16,3,1,4,5,Portal,fictional_corporate_spend_v1,synthetic_fictional_company,true,d40f5e8625ed516c2184ced526abb1a558ff33cdea7cae59024d06bc4b128f53
S00134,V0046,2025-09-09,4,4,4,1,Quarterly Review,fictional_corporate_spend_v1,synthetic_fictional_company,true,40c0b63db7366087792565e72cd797c61f7a20bab4bf58aba6eb2c587ed6a67c
S00135,V0063,2026-02-06,5,2,1,4,Email,fictional_corporate_spend_v1,synthetic_fictional_company,true,cc3d53799265d78bbdc5b34926343ba9940b95de50a748843f3ee0b6729d1451
S00136,V0050,2025-04-24,3,1,2,3,Portal,fictional_corporate_spend_v1,synthetic_fictional_company,true,33aecde76b56bfedcba0cedca7bc7a3a841824a471bd19a65c53f63f6735f132
S00137,V0088,2025-11-29,5,3,4,2,Email,fictional_corporate_spend_v1,synthetic_fictional_company,true,1e87296590c8c99540dd7c45293861d80185c79bd090c3d6cbe0ac02c07f2b31
S00138,V0062,2025-06-03,3,2,1,2,Quarterly Review,fictional_corporate_spend_v1,synthetic_fictional_company,true,d258d916b97aa2467e2718d6d2d6fa47e7ab9801a3d96823c200eea091071a9e
S00139,V0048,2025-05-25,5,3,4,3,Portal,fictional_corporate_spend_v1,synthetic_fictional_company,true,ccd7d00d0657b791078fd5ff5d3e71982d1a10e3d9a21c825bae5fdac88e2321
S00140,V0115,2026-02-26,4,4,3,4,Quarterly Review,fictional_corporate_spend_v1,synthetic_fictional_company,true,1a2e8e6c7945b5592f6c734ddc49af440eaebea1c40ab1b9739e5f5e76296f7a
S00141,V0004,2026-01-23,5,5,5,5,Portal,fictional_corporate_spend_v1,synthetic_fictional_company,true,ffb5f1a924266b4cbf89d01ecfbd460d62767d4e1ce6c3b1eb053c1bf6289d27
S00142,V0106,2025-04-27,4,4,4,5,Portal,fictional_corporate_spend_v1,synthetic_fictional_company,true,ee9d8ef703050f6f050a5345d6eced054e97e7d40f723f51892d588273bb22d7
S00143,V0095,2025-09-20,4,2,2,3,Portal,fictional_corporate_spend_v1,synthetic_fictional_company,true,856e31e7e8311154688c430b05f300a4ba88ca1866caea42d26820b7def0b119
S00144,V0118,2025-07-04,5,1,1,2,Quarterly Review,fictional_corporate_spend_v1,synthetic_fictional_company,true,93ffec00019c30d2211902ab10265d81f767a983ea9eb02be5256789a8b7e3d9
S00145,V0041,2025-12-05,4,1,1,4,Email,fictional_corporate_spend_v1,synthetic_fictional_company,true,865d64b47a6bef4ccf1c8b2110353d02676f1b0b96742ebecceb5541eda687f0
S00146,V0013,2025-09-07,3,3,5,4,Email,fictional_corporate_spend_v1,synthetic_fictional_company,true,34ee82f5e978357f201ef4083f2ef31eb7356f9e0d152f30415bf31e86c73701
S00147,V0125,2026-01-04,5,3,5,5,Quarterly Review,fictional_corporate_spend_v1,synthetic_fictional_company,true,f0410672e5ebf43d76572a5748aa4bf836eec5775f353dc233898666e1a59c3a
S00148,V0018,2026-01-27,2,2,2,5,Quarterly Review,fictional_corporate_spend_v1,synthetic_fictional_company,true,e0a7dece9fe8e099fe52af751ea11ed123a266d881e12699339a25a2e6ba00e7
S00149,V0052,2025-06-18,3,5,4,2,Quarterly Review,fictional_corporate_spend_v1,synthetic_fictional_company,true,b4de79540af65c84adfcb8479bbd2e42e7346dd4cefceac6433f1f4b84eb8415
S00150,V0086,2026-01-10,3,1,2,2,Quarterly Review,fictional_corporate_spend_v1,synthetic_fictional_company,true,50281b918444322e0019c222472a1c7044ccdbe0085d43e69553ea98954d4e20
S00151,V0037,2025-05-11,4,2,3,5,Quarterly Review,fictional_corporate_spend_v1,synthetic_fictional_company,true,923ea840f3940de75500b541149fb2788c374108f605ee9b20f88eb2a41b6b1a
S00152,V0045,2025-03-16,4,5,4,4,Portal,fictional_corporate_spend_v1,synthetic_fictional_company,true,98fa41feeba994420eef115c02cb3512ff0cc181db289004cb4ed3bbd6a0c935
S00153,V0064,2025-03-15,5,2,3,2,Email,fictional_corporate_spend_v1,synthetic_fictional_company,true,14aa4ca07cc7f50ada65f0af2ba2b1a764e34be3bc8fe9deaa9f397f7007e2b9
S00154,V0114,2025-09-16,4,1,5,4,Email,fictional_corporate_spend_v1,synthetic_fictional_company,true,139252660138f82b7b799de171015335eabc88ab97e9d695cec150180c72f6cb
S00155,V0026,2025-07-10,4,1,3,5,Quarterly Review,fictional_corporate_spend_v1,synthetic_fictional_company,true,c85b5245dbce6b3c41b4fe3f1ac6a02083ea3c2671c431c17e976a993edcd672
S00156,V0117,2025-05-10,4,3,3,5,Quarterly Review,fictional_corporate_spend_v1,synthetic_fictional_company,true,1f16737b1db539f22c94c1186e96b95b03f370a8acd74b9989e1cc81fdf81634
S00157,V0004,2025-03-13,2,3,2,1,Email,fictional_corporate_spend_v1,synthetic_fictional_company,true,cf1f56a8599b15793aeef632ca12850a61af0058b46680c7233b0d87e534f293
S00158,V0117,2025-06-29,5,2,5,5,Email,fictional_corporate_spend_v1,synthetic_fictional_company,true,442470b067a8d89849f6f6f08e7217f0f14b977d4adcf11bb55a2da5526b21f9
S00159,V0020,2025-10-26,3,5,5,2,Email,fictional_corporate_spend_v1,synthetic_fictional_company,true,b5f06354eaa8a6abf07d83a4612956c0d0e26c07a7c0e49726b3f5d47716cac2
S00160,V0016,2025-05-06,4,3,2,5,Email,fictional_corporate_spend_v1,synthetic_fictional_company,true,a690fedb9f88aa8f1f46f1fdab1f5eef24b9f004af45a43636fd2917b3dae305
S00161,V0114,2025-03-01,1,1,2,2,Email,fictional_corporate_spend_v1,synthetic_fictional_company,true,67095572e7ac3d364ad10e1e53d7e4552a0bc942e3d672adaae8a467e67b60b1
S00162,V0074,2025-07-08,4,5,4,1,Portal,fictional_corporate_spend_v1,synthetic_fictional_company,true,d4f93824e97b5b300e22a1ceb038ff9cf2e933343906011e8a868f4debb7a23b
S00163,V0002,2025-11-17,5,2,3,2,Portal,fictional_corporate_spend_v1,synthetic_fictional_company,true,dae81bdcfea6f61040990f69bc8fc4a907be1cb173b7e0ab6b384cc97707c181
S00164,V0073,2025-05-12,4,4,2,5,Quarterly Review,fictional_corporate_spend_v1,synthetic_fictional_company,true,64e48a5a63f461caafafad6041ecdb8274183ea7ac7a52722d3a5a96e0d9e9f6
S00165,V0124,2026-01-06,2,5,4,1,Email,fictional_corporate_spend_v1,synthetic_fictional_company,true,d8181c319b159b58d159aa65f28b915445fbc57ae41d966e5a523c8a3dc977cb
S00166,V0122,2025-10-20,3,4,4,4,Quarterly Review,fictional_corporate_spend_v1,synthetic_fictional_company,true,9c006aa4bc6ce1a6d9b3f9e56597f1edd30867505feac86ebdd076ab2e356d1b
S00167,V0087,2026-01-18,3,2,2,3,Email,fictional_corporate_spend_v1,synthetic_fictional_company,true,0197715b42b78af4697ba44c5a2fcc34dc3ece4cd1096b63866ddb870b9418c7
S00168,V0007,2025-10-24,4,4,2,4,Portal,fictional_corporate_spend_v1,synthetic_fictional_company,true,9bd59afe080c8b4db31850c4363c39479c7769019c7eeeab2c8ea260dd06e754
S00169,V0106,2025-10-24,3,2,4,4,Email,fictional_corporate_spend_v1,synthetic_fictional_company,true,633b3ba7fba5cf52ef744688de0cdeb62b4b793ed3fd047c88b78bdeb20551f5
S00170,V0072,2026-01-06,3,1,5,2,Email,fictional_corporate_spend_v1,synthetic_fictional_company,true,92b3798adbae2f6a073f109dc2194b2367e702b61abbdaa9d8178f4057842f8e
S00171,V0110,2025-10-09,2,1,1,4,Portal,fictional_corporate_spend_v1,synthetic_fictional_company,true,3cac772bef2d407e07c708e8d9de5e7eb405622dbffee37b365476dd6918c385
S00172,V0007,2025-06-19,4,3,5,5,Portal,fictional_corporate_spend_v1,synthetic_fictional_company,true,f19962ad7dd5f46545acfae2c3fc803c6b84d5a24632e7772d20cfd8c40ee4be
S00173,V0108,2025-03-02,5,3,1,2,Email,fictional_corporate_spend_v1,synthetic_fictional_company,true,75b399f81cb7a57ee42e9098c4f64ef1238b8621b601f3f87b613c1f78ec7406
S00174,V0015,2025-04-25,3,4,1,1,Quarterly Review,fictional_corporate_spend_v1,synthetic_fictional_company,true,9b726c06f920aafc2c11c75f2957bce8b8cb0b063ce3099709c2d48daaa7a268
S00175,V0087,2025-09-25,2,4,2,2,Portal,fictional_corporate_spend_v1,synthetic_fictional_company,true,1afe6afd5dc45bde7f720181b6852e871f4ccd49f512375c46e93a91ece31f08
S00176,V0090,2025-09-13,4,3,2,2,Portal,fictional_corporate_spend_v1,synthetic_fictional_company,true,9ef765db031fd47d0eb59259d1f609d589ab6fa49b79bc9cb38c57b4e99994ff
S00177,V0082,2025-05-24,5,5,5,1,Email,fictional_corporate_spend_v1,synthetic_fictional_company,true,058d3e1c2fd2311d5d23c4c41d03fcd833c99e63be30fdac376b4f3e2a76ba5c
S00178,V0099,2025-12-14,5,3,4,4,Email,fictional_corporate_spend_v1,synthetic_fictional_company,true,21e3f28294924deb186e07a3ba67799b45906faa1b3d91aa5c6e054c355c7d00
S00179,V0051,2025-05-17,3,1,5,5,Quarterly Review,fictional_corporate_spend_v1,synthetic_fictional_company,true,6c5596d18afe05832b9d3bd1f1d2e3b9ca30107d862ef18a6bd7ebf879b0e901
S00180,V0024,2025-10-28,5,2,3,4,Portal,fictional_corporate_spend_v1,synthetic_fictional_company,true,da169957be3ddc1eef7af3ae18cd5aab8fd3983cca0f38f5a5dbf907ac3e51bc
S00181,V0101,2025-04-22,4,3,1,3,Portal,fictional_corporate_spend_v1,synthetic_fictional_company,true,b98f3b0f0899aa58aa0d82ae107facf9416f16a95582396f65a43eb520f14a15
S00182,V0111,2025-07-10,5,4,4,5,Email,fictional_corporate_spend_v1,synthetic_fictional_company,true,c9303fdc9d5273c00247396d6baf31061f92b48a2a5e82f1a28b2344e94bf2d2
S00183,V0061,2026-02-09,1,1,5,5,Portal,fictional_corporate_spend_v1,synthetic_fictional_company,true,efc544801eb34c7f32f236cecef12e4111bf5979bddc6f3fba426f44db126f76
S00184,V0011,2025-06-05,4,5,3,5,Quarterly Review,fictional_corporate_spend_v1,synthetic_fictional_company,true,3af5d9057163f6443b015086cec83e3c2d2a68f6caae3e9ea68eebf7e7cb5b0a
S00185,V0101,2025-09-21,4,3,3,1,Quarterly Review,fictional_corporate_spend_v1,synthetic_fictional_company,true,d453212f141c72ebcf0ddc52e70d09486d3b032942f8a7b826d016ba6bf0fba6
S00186,V0086,2025-12-24,4,5,1,5,Portal,fictional_corporate_spend_v1,synthetic_fictional_company,true,7ea105a69de123e9320e2d4ec5c6da4e1abba4409c9902db6256eb803273fbfc
S00187,V0102,2025-10-29,4,4,2,3,Quarterly Review,fictional_corporate_spend_v1,synthetic_fictional_company,true,cc768330eff138cfa90d15de96a3de1129e514a60f73c6133507a16d860db8c6
S00188,V0113,2025-11-13,4,5,4,1,Portal,fictional_corporate_spend_v1,synthetic_fictional_company,true,3d1b3abeee49cb22f05b0e28907d106ec2c37016e8b3c9d7a6daba6928adeef5
S00189,V0046,2025-11-22,3,3,5,5,Quarterly Review,fictional_corporate_spend_v1,synthetic_fictional_company,true,86389d1736c497171fddac80160a8dd13115e207739bc5246826cf1516577ead
S00190,V0069,2025-11-10,3,4,5,2,Email,fictional_corporate_spend_v1,synthetic_fictional_company,true,7efa8e703ba801a3747a939239247fa9b194f487a8fd67a2b8c33d02e5ed364b
S00191,V0119,2025-08-19,1,3,4,2,Portal,fictional_corporate_spend_v1,synthetic_fictional_company,true,5fe8c29bef11e40e36212266e0405ba9dcd2518cb0ebfde2f94c4a2f9b7d071d
S00192,V0067,2025-04-01,3,3,2,2,Email,fictional_corporate_spend_v1,synthetic_fictional_company,true,d29f92ff246d8f7930a05adfa965927a6f66eca68876efb70e7ba12e5bac2370
S00193,V0002,2026-02-04,1,4,2,1,Portal,fictional_corporate_spend_v1,synthetic_fictional_company,true,1e7d5351165f888e67eb121623f23c382eb3c140f828cd6a01e723ea7aee262a
S00194,V0093,2025-05-09,3,5,1,1,Portal,fictional_corporate_spend_v1,synthetic_fictional_company,true,426b647016d55067c890002c579d24c8064e7ed441f9d3f09ad1d557128b927c
S00195,V0114,2025-07-16,1,3,5,5,Email,fictional_corporate_spend_v1,synthetic_fictional_company,true,3e7c62dea6117e850071d0b5b2dc01214bbdf868c954513faeb6cb0631d0fbfe
S00196,V0106,2026-01-23,4,1,4,3,Email,fictional_corporate_spend_v1,synthetic_fictional_company,true,38a00b8b7388a346f973006f2ddaa49fdcd4fe0c566eb5fb287ae3157f137b90
S00197,V0125,2025-07-24,5,3,5,1,Email,fictional_corporate_spend_v1,synthetic_fictional_company,true,3b6f7dd58451f92063bc06d8c07d67f9c12b0abdead4a77f31ca7654ec282ad7
S00198,V0090,2025-06-22,3,1,4,4,Portal,fictional_corporate_spend_v1,synthetic_fictional_company,true,2e8c3101aa184c8a34fed7093c974b01e292b86b05262a445de5d027a2bcdfd8
S00199,V0013,2025-07-14,4,3,5,5,Email,fictional_corporate_spend_v1,synthetic_fictional_company,true,467f5e828f4b9978822c16c0efcab76daac3e574ed7c887b797cc52274491373
S00200,V0075,2025-03-13,5,2,5,4,Quarterly Review,fictional_corporate_spend_v1,synthetic_fictional_company,true,91b667902deee620ca81bfca204c57c480bc7df585fe7b230c78dea7e2b352a7
S00201,V0006,2025-10-05,4,3,4,2,Quarterly Review,fictional_corporate_spend_v1,synthetic_fictional_company,true,e9c0820faaff1a44896999a41ddf08e57e143db1d7738a783d9950aeab74b969
S00202,V0094,2025-12-19,4,1,4,4,Portal,fictional_corporate_spend_v1,synthetic_fictional_company,true,7303bc233e43b3b37b0f55d22ba46175a3bc400bcc563b86794a71d9abce6f51
S00203,V0082,2026-02-26,4,5,1,1,Portal,fictional_corporate_spend_v1,synthetic_fictional_company,true,f2d5fe0c525a3415e47eb6652be51092f306ce3552759545c22ef4eb12d67164
S00204,V0055,2025-09-02,4,4,1,3,Quarterly Review,fictional_corporate_spend_v1,synthetic_fictional_company,true,e94c958934ad5c3de94dfaca4deca1ac0803ab35b3bce3f691e00e908b7413ec
S00205,V0030,2025-10-06,5,3,3,2,Portal,fictional_corporate_spend_v1,synthetic_fictional_company,true,358bf69d1d8aca73f2c8ca537f6e92fbe379245b061ec45810bee8f32db78b70
S00206,V0065,2026-01-13,3,3,4,2,Portal,fictional_corporate_spend_v1,synthetic_fictional_company,true,e47d173f1c4594ab7a34362bfc8224002f6129918b7e79fed1072b7e38ac6932
S00207,V0084,2025-11-28,4,4,1,1,Portal,fictional_corporate_spend_v1,synthetic_fictional_company,true,d53c9df5598de9714cd49421d9a8637fb8b6be7bc7196de380e883c146b0e0bb
S00208,V0101,2025-04-11,3,2,3,1,Email,fictional_corporate_spend_v1,synthetic_fictional_company,true,cc278e685b217debf98df9d006f0acb938eff1a8e697bdf2f8ddbabd9cd9bc92
S00209,V0076,2025-06-08,3,5,2,3,Portal,fictional_corporate_spend_v1,synthetic_fictional_company,true,eaa77824c4bbace70627db8fc32fe0cfbc3426802988ee082ef6642e8bdd43ad
S00210,V0105,2025-06-04,4,2,1,5,Email,fictional_corporate_spend_v1,synthetic_fictional_company,true,3a02809b81c1b35c84dd75f8b3c2c26fc0751048499ba6e5cd3e116d8b9d9332
S00211,V0016,2025-08-16,2,1,5,3,Portal,fictional_corporate_spend_v1,synthetic_fictional_company,true,c7e3825081b989a974b0aff1fbd6dfb8696999cf468cb3fd55f8ad12373f832d
S00212,V0008,2025-03-24,5,1,4,5,Email,fictional_corporate_spend_v1,synthetic_fictional_company,true,30b66a04a1cec782f60fd7f0e85bc2689a9cbba09c9b372b965008338600aa24
S00213,V0114,2025-09-28,3,2,4,2,Portal,fictional_corporate_spend_v1,synthetic_fictional_company,true,c6b755f467da01af185e711f87681620af87b929fd8200804d9658d88159ec00
S00214,V0107,2026-01-25,4,5,5,1,Email,fictional_corporate_spend_v1,synthetic_fictional_company,true,bd68d9c368e390733ef0aed24e9f9830eeb9d817eee8fa77eef4df9fcffe981c
S00215,V0036,2025-12-16,4,1,5,3,Email,fictional_corporate_spend_v1,synthetic_fictional_company,true,b4bf99345a2ea00fef57af491c0d62a669193acab3b611aff66bd5cc9055d635
S00216,V0091,2025-04-23,2,5,3,4,Email,fictional_corporate_spend_v1,synthetic_fictional_company,true,c6d4c67629913b02e84d84d1e065ba871a8101df1f7c0c91b7b82b2d93eb30af
S00217,V0056,2025-07-12,3,1,1,5,Portal,fictional_corporate_spend_v1,synthetic_fictional_company,true,79a089c6fed3f162823377d5ff3c3a8c7f1e74e1c6e5f30b3786ae49dd3034b6
S00218,V0029,2025-03-27,2,5,3,5,Email,fictional_corporate_spend_v1,synthetic_fictional_company,true,416aaa43cf8ca9aa5f7e01d1c31b9d3483498f121a1d89ed47f54293e076797e
S00219,V0059,2025-06-12,2,4,3,1,Quarterly Review,fictional_corporate_spend_v1,synthetic_fictional_company,true,4591bb4c286e470fadc1c491d119fd0d9a4718339d756880618a3f8117b6d2cd
S00220,V0012,2025-09-01,4,2,4,1,Email,fictional_corporate_spend_v1,synthetic_fictional_company,true,c290a1996813d888b7a8b934c3e171ba20d055d74f952965302179d9c4242247
S00221,V0102,2026-01-13,4,2,3,5,Portal,fictional_corporate_spend_v1,synthetic_fictional_company,true,d07b5f237924170b15e074bcc596501d7773d2cb2d723a07c682b6d9fa05ba40
S00222,V0017,2026-02-14,4,5,2,5,Email,fictional_corporate_spend_v1,synthetic_fictional_company,true,50de6c6c4bdc031d9bbc557201dd08343e9a186b77c9072ad2f221ed34ceceeb
S00223,V0053,2025-05-10,4,5,1,2,Quarterly Review,fictional_corporate_spend_v1,synthetic_fictional_company,true,42a6917c5b14c60fc0cc1ba84f9550e1aeec324d3cfbdbacab8bb873c26d01b5
S00224,V0021,2025-12-20,5,2,2,1,Email,fictional_corporate_spend_v1,synthetic_fictional_company,true,bc78b17cbeb2a59d7665bfac476407ef2a02889ed8952fbe98667f362b03e32f
S00225,V0031,2026-01-30,4,5,3,2,Email,fictional_corporate_spend_v1,synthetic_fictional_company,true,fea3c6bfefc2f498fe306f3a85a0952e5eecea739027f68d153dda5e94f3ed87
S00226,V0003,2025-04-04,5,2,4,1,Portal,fictional_corporate_spend_v1,synthetic_fictional_company,true,2785baa4c0405cbe86a0677a88e07c71419f2f0169111e35702dec074034cfcd
S00227,V0004,2025-04-17,5,1,5,5,Quarterly Review,fictional_corporate_spend_v1,synthetic_fictional_company,true,c7c5b48a7e16b54edded72fbe6c3bb64a4a5e6f181f84b0edb5721f8ad43db66
S00228,V0079,2025-06-02,5,5,2,3,Quarterly Review,fictional_corporate_spend_v1,synthetic_fictional_company,true,d9769a0b5a78f4bf238090544641660a3926e88558f33960bebc2ce63b33c194
S00229,V0052,2025-05-30,4,1,2,1,Email,fictional_corporate_spend_v1,synthetic_fictional_company,true,842f39f3fd9c65549cdf7648a54bab68ba19646e1caea190317c20d59254f233
S00230,V0060,2025-07-13,4,3,1,1,Portal,fictional_corporate_spend_v1,synthetic_fictional_company,true,5b6dff571ff1361894d3935a6e3eab5fac2581560b6c0b7cc0b0c4cf5a025d6e
S00231,V0064,2025-11-07,2,2,4,4,Quarterly Review,fictional_corporate_spend_v1,synthetic_fictional_company,true,c18b272971137db6b34b17ab5accd472871f83e265a604cb57a3fe70234e9cdf
S00232,V0052,2025-05-12,5,5,5,3,Quarterly Review,fictional_corporate_spend_v1,synthetic_fictional_company,true,3f35362ba9572c21c735acca8ee189c29ce87c63ff7b52e223ce5843569401b6
S00233,V0123,2025-10-02,3,2,4,1,Email,fictional_corporate_spend_v1,synthetic_fictional_company,true,9a9c736de7ad5358375d180f31c59bad5e31fc9e1e07d768841e7aa008b19908
S00234,V0108,2025-08-15,2,4,3,1,Quarterly Review,fictional_corporate_spend_v1,synthetic_fictional_company,true,d7453cceab011c07cda9669a0c17eabfad8e440810d79f1319b52bdf6e73cd93
S00235,V0011,2026-02-16,3,1,1,3,Quarterly Review,fictional_corporate_spend_v1,synthetic_fictional_company,true,1d24c81e37409dd6eb9cc2c081d53f1e5319e2cab3487b89195a9ef9efe14d6e
S00236,V0053,2025-09-05,5,5,1,3,Portal,fictional_corporate_spend_v1,synthetic_fictional_company,true,014b16acbcf635e1228aa434079808e02bf7899130688dfef9aefeabcb770269
S00237,V0082,2025-04-16,3,1,3,3,Email,fictional_corporate_spend_v1,synthetic_fictional_company,true,05ed62809d81670e2b71c58e0c18c475727b82f32485735935175fa697348d15
S00238,V0102,2025-03-14,3,5,4,4,Email,fictional_corporate_spend_v1,synthetic_fictional_company,true,68b6844a222e1b1b175b762dbfd468ae149b821383fa101b42270fcb78ec3e16
S00239,V0018,2025-03-10,4,3,1,3,Quarterly Review,fictional_corporate_spend_v1,synthetic_fictional_company,true,aadad8d1efe6b29e38f214fa65646755e2c4c01a4f70c100284bd78d10abdb47
S00240,V0073,2025-11-09,4,4,4,2,Quarterly Review,fictional_corporate_spend_v1,synthetic_fictional_company,true,0e2b6fbed38d62cea4cd5e17ca82ce3a305426b36a00efacd8d4fed1dbe43147
S00241,V0124,2025-09-08,3,3,5,1,Email,fictional_corporate_spend_v1,synthetic_fictional_company,true,027fcff84e5de5261c5fce6bb74b7db7a0f4c2245413be1446dc297ce26add69
S00242,V0096,2025-04-11,2,3,4,1,Portal,fictional_corporate_spend_v1,synthetic_fictional_company,true,966b6bb5a276421f8c3a85ac3f479079b79c06c3fa78a7916e6fce843d31fdc5
S00243,V0059,2025-09-24,3,4,4,3,Quarterly Review,fictional_corporate_spend_v1,synthetic_fictional_company,true,14b1dcdd7e7f7e8ac2c4f70732a59935e9f50649d67505ca97af95092578b81f
S00244,V0105,2025-07-27,3,3,1,5,Portal,fictional_corporate_spend_v1,synthetic_fictional_company,true,8cb0202a8a3ef5b0ee8538440a2b6b59dab9cbdb5a7a2d3164e94f93359361dd
S00245,V0077,2025-04-23,4,4,4,1,Portal,fictional_corporate_spend_v1,synthetic_fictional_company,true,cd2fb9289e07e45073221a0d4e736383caa88af6912b60cf16fb5400c09c71a3
S00246,V0099,2025-05-02,2,4,3,5,Quarterly Review,fictional_corporate_spend_v1,synthetic_fictional_company,true,001eb85d6e4952e54ea1dbe6fd3122e25547ce6ec314928176292f3bc7d8b1aa
S00247,V0044,2025-03-01,4,2,3,4,Email,fictional_corporate_spend_v1,synthetic_fictional_company,true,8323920df6588ce7ccd7483155d994d7ba7889a5227b11039dae7a916581032e
S00248,V0018,2025-05-26,4,4,5,3,Portal,fictional_corporate_spend_v1,synthetic_fictional_company,true,21b8229cdbdbbf60408e1119f5b3d156e360b39219ab96850370b1a9faf7fc8d
S00249,V0056,2025-08-01,4,3,3,1,Email,fictional_corporate_spend_v1,synthetic_fictional_company,true,351444e339c7584fcc7e90fca7e3a21adcadead01ca333620917c047c86c1e58
S00250,V0070,2026-02-02,5,1,2,5,Portal,fictional_corporate_spend_v1,synthetic_fictional_company,true,75764ed6b6e915cd64a69a585e7ab383035b64d81794636d8bf8f5a91dbbe28a
S00251,V0028,2025-04-26,4,1,5,5,Email,fictional_corporate_spend_v1,synthetic_fictional_company,true,30b9dc127e2b8817a36004cbfe34283db5d19148a28cb0b8e362cbb7298caef3
S00252,V0076,2025-05-14,1,1,4,1,Email,fictional_corporate_spend_v1,synthetic_fictional_company,true,20e3a4c2bc41500f7dc82b3d0b6864819aeb2c18e3d0a43ee8438f8c19cf67c5
S00253,V0074,2025-09-08,5,1,2,1,Quarterly Review,fictional_corporate_spend_v1,synthetic_fictional_company,true,cf7eb7ede897c272bdd567857f715e8b1de12ab55e5c6707292ab335510bbb0d
S00254,V0024,2025-07-23,5,5,3,5,Quarterly Review,fictional_corporate_spend_v1,synthetic_fictional_company,true,8dc8f01381e50017697c044281793fd570d3d8219ab9fa0728479afd2aacaf64
S00255,V0078,2025-06-16,4,1,1,2,Portal,fictional_corporate_spend_v1,synthetic_fictional_company,true,de8a9e6d4a67c9703d818a43f2d93f1cfa1aca7a24b16f0fa829f67a0a9f2555
S00256,V0009,2025-06-14,4,4,2,5,Quarterly Review,fictional_corporate_spend_v1,synthetic_fictional_company,true,211cb68a3074ef72095bdd3e341293cc6117bbec57c4ad3a7b5f4ad48f03cc9a
S00257,V0009,2025-03-01,3,3,4,1,Quarterly Review,fictional_corporate_spend_v1,synthetic_fictional_company,true,f1a6a775ac5eaa01f81af535ba21c505f83854fb21da80ab1d213c868eae534c
S00258,V0124,2025-08-16,4,3,2,5,Email,fictional_corporate_spend_v1,synthetic_fictional_company,true,8c008567e93688e06f62e5b8a82021f7daccd9e3591dbe8d5932bc1cfc1a8630
S00259,V0004,2025-06-02,4,1,2,3,Quarterly Review,fictional_corporate_spend_v1,synthetic_fictional_company,true,3c5317e09ab29dc07603b926ac36fe54ef260985c688f6d3dc68e5e59fc72ba9
S00260,V0111,2025-12-29,3,4,4,3,Email,fictional_corporate_spend_v1,synthetic_fictional_company,true,3e29dc4ccd4515ac887d5424913512bf9b3661435077f5a67b25143db5f516c7
S00261,V0014,2025-03-19,5,3,4,4,Email,fictional_corporate_spend_v1,synthetic_fictional_company,true,32bf86d79bc01014b14ed5a5ae0aa3d9ba2f5da966130cf145c20a89561caf36
S00262,V0026,2025-08-18,3,3,5,1,Portal,fictional_corporate_spend_v1,synthetic_fictional_company,true,da82b12ad42feb8a9c35a537d9c089af884b55b9bf2e459cf0a1101b632e101a
S00263,V0080,2025-04-02,4,4,5,3,Email,fictional_corporate_spend_v1,synthetic_fictional_company,true,39d8c65aea353626baf3d667003976de0f602d2e7b0ae8e38a70d5bfda99f3bf
S00264,V0026,2025-05-02,4,1,1,2,Email,fictional_corporate_spend_v1,synthetic_fictional_company,true,070582ff4cae8802a2a496e53bd6b5c6fa33d38217f8f3afa3aff68b757346ad
S00265,V0006,2025-12-23,3,4,4,5,Quarterly Review,fictional_corporate_spend_v1,synthetic_fictional_company,true,34d805772d1d03c9ccfda179eec1f031ee908ca9db14f20464213f1f73df9d2e
S00266,V0010,2025-10-04,5,1,4,3,Portal,fictional_corporate_spend_v1,synthetic_fictional_company,true,0480ff2eeeb3e4792022e225c4716d58dfc3c9bf7953f21d3716e9823a89480a
S00267,V0110,2026-02-01,5,3,1,5,Portal,fictional_corporate_spend_v1,synthetic_fictional_company,true,6c8156ca04dda6bc609c900b6239afe28de42accfaf26b6c485e6d8c58b972bd
S00268,V0109,2025-08-10,4,5,2,3,Quarterly Review,fictional_corporate_spend_v1,synthetic_fictional_company,true,c88306affac0100a10b9bd44e638926c42b3857b4aac6bdd59fa6122127b362b
S00269,V0017,2025-12-11,3,4,4,3,Quarterly Review,fictional_corporate_spend_v1,synthetic_fictional_company,true,176060ca6ac5610bafcb92556901961089e1a6c3c176eeaa13f4d9299803d2c6
S00270,V0041,2025-05-14,3,5,5,3,Portal,fictional_corporate_spend_v1,synthetic_fictional_company,true,7115d3f24eee9de50d131d2daf113e2ca7b7635a366322310ea6c013796527bb
S00271,V0053,2025-12-30,3,5,2,5,Quarterly Review,fictional_corporate_spend_v1,synthetic_fictional_company,true,697c01d558cc2ede4097d0b7fce594ff9aa90483551ae2f1e2c66c498ea33fe5
S00272,V0035,2025-12-11,3,1,2,2,Portal,fictional_corporate_spend_v1,synthetic_fictional_company,true,0e0b38605e712048c6856b53330f4fcd097db56d29ae95d5accce238babeea2a
S00273,V0120,2025-10-17,4,5,4,5,Portal,fictional_corporate_spend_v1,synthetic_fictional_company,true,6158678c7fd96a81256ccfb8066177c4a14419e04956a942abc4927bc3021b96
S00274,V0090,2025-12-11,4,4,4,5,Email,fictional_corporate_spend_v1,synthetic_fictional_company,true,1bac1a1f8cf2d2b72608c38fa176d08ecf3a2ebe586d33f4205e87cec07a1990
S00275,V0073,2025-04-26,3,3,2,5,Portal,fictional_corporate_spend_v1,synthetic_fictional_company,true,b34692c0d349056ae8a6b23ed08fd74f2989bcede7fa396217d24f8e39374029
S00276,V0033,2025-07-20,5,3,2,4,Portal,fictional_corporate_spend_v1,synthetic_fictional_company,true,0619a07baa37f6d51c2cb6eada5ad23937ae9e13555073722b05341c0e782305
S00277,V0007,2025-09-30,4,2,3,4,Quarterly Review,fictional_corporate_spend_v1,synthetic_fictional_company,true,53d63161f67448487d46d69af9a223b0e983b9e0e90de0e60e29981c450debc2
S00278,V0113,2026-02-02,4,4,3,4,Email,fictional_corporate_spend_v1,synthetic_fictional_company,true,1397d98d343760390f4b599b66a20592e0a8c6b486135f82a3d16ceb7b5bffbe
S00279,V0014,2025-11-02,2,3,4,4,Email,fictional_corporate_spend_v1,synthetic_fictional_company,true,dcd7e534bb9c1dbfc528a4acda86eec0e0d5a620eb083c6b760a8607af326fb8
S00280,V0080,2025-03-28,2,3,5,2,Quarterly Review,fictional_corporate_spend_v1,synthetic_fictional_company,true,ad193f6a9516c74ff8070dd2cc77ac030eea56e2d496f0b789651892abb80288
S00281,V0116,2026-01-10,3,4,1,3,Portal,fictional_corporate_spend_v1,synthetic_fictional_company,true,935687b58ae90b0753bf2a4fbbae33376e7e1da1a54135afc75b1f47de7a62a2
S00282,V0124,2026-02-10,4,3,1,1,Email,fictional_corporate_spend_v1,synthetic_fictional_company,true,500291dbd362f2a96a0b24f2a5ab89104a4342ab341d8171c356b59f14f8314f
S00283,V0113,2025-11-08,4,2,1,1,Email,fictional_corporate_spend_v1,synthetic_fictional_company,true,b5f0368af86a30d74b0f4a7af51272916a6677bbe8a28c44d0914e368c052857
S00284,V0039,2025-10-09,4,5,5,1,Quarterly Review,fictional_corporate_spend_v1,synthetic_fictional_company,true,819889e95cf89a9ec3eaa6c0f00febe248e3f896115728f73381bab1930e1466
S00285,V0030,2025-09-08,3,3,2,5,Quarterly Review,fictional_corporate_spend_v1,synthetic_fictional_company,true,c49812b3487f43104fed87771068a265d47d2ff75c673c967be39fd64103acbf
S00286,V0115,2025-03-06,4,4,5,5,Quarterly Review,fictional_corporate_spend_v1,synthetic_fictional_company,true,852b2843aff15baea34eca5fa3bffb4c960086bcc3c9dc2b6a0693ee38a69839
S00287,V0005,2025-10-10,2,1,1,2,Portal,fictional_corporate_spend_v1,synthetic_fictional_company,true,9c545b362a12befa9f50b063b28e56335e903284c3645a3fac40d58c531d084a
S00288,V0114,2025-09-23,3,4,1,4,Portal,fictional_corporate_spend_v1,synthetic_fictional_company,true,f6d67edae3d1171b9de024d88ffe8fcfbcd79602f61b5a79a13ef149734a1726
S00289,V0070,2026-01-15,3,4,2,1,Portal,fictional_corporate_spend_v1,synthetic_fictional_company,true,cb12d516e9f095b969b11ba02ab17730f817a86088dd9021af8226fbfbd75a73
S00290,V0008,2025-12-01,4,3,4,2,Email,fictional_corporate_spend_v1,synthetic_fictional_company,true,c5ad2b606f35d173527093d582fdfcdbadac3a34760fecff326d4af31fb1732c
S00291,V0026,2025-06-20,2,5,3,1,Portal,fictional_corporate_spend_v1,synthetic_fictional_company,true,9567e09ba27fd8510cb766cc23a8e9f7227bbd0a6c8e837c71892ac7e3237991
S00292,V0063,2025-12-18,4,3,1,5,Email,fictional_corporate_spend_v1,synthetic_fictional_company,true,4899a0fbc0c79c8aa208cfa9e552dff0479baf87b0dc2f3f2a80f6164bf1c868
S00293,V0090,2025-09-06,4,3,3,4,Portal,fictional_corporate_spend_v1,synthetic_fictional_company,true,c1ab3f4a2cf9c0a792ea3f843809d62fb7f634b7b68a1e5a4b73b51a76d94667
S00294,V0109,2025-03-06,4,1,5,5,Quarterly Review,fictional_corporate_spend_v1,synthetic_fictional_company,true,09e12d2acc7f7158a45e4547741bcf66e383ec720d75cc4df99e0492fd12ecd0
S00295,V0047,2025-11-13,3,5,2,4,Email,fictional_corporate_spend_v1,synthetic_fictional_company,true,75901f016644114f0d1e088afc847aa99e032aa00aaaba7c1699dcaac7520b02
S00296,V0087,2025-10-23,2,3,4,2,Quarterly Review,fictional_corporate_spend_v1,synthetic_fictional_company,true,543f23681fade31a91f7925b2ed7ca09a0542b5afd58d1fc5ea6e5e76b2a9221
S00297,V0111,2025-10-17,2,1,5,3,Quarterly Review,fictional_corporate_spend_v1,synthetic_fictional_company,true,cb948d4b39ea30486d2b4922d75882699e46f0f6aeeab581bef28d5c38466d61
S00298,V0100,2025-04-15,5,5,2,1,Portal,fictional_corporate_spend_v1,synthetic_fictional_company,true,01e570e92227d1d35296810fdf3fce55b9d0cb72218abc6a49913896dcacaaf9
S00299,V0053,2025-07-22,5,4,2,4,Email,fictional_corporate_spend_v1,synthetic_fictional_company,true,3f164132342b226a75c2d443bf254660cad73230ba0b6eb01a6eb4664ee9cf4e
S00300,V0102,2025-10-06,4,5,2,1,Quarterly Review,fictional_corporate_spend_v1,synthetic_fictional_company,true,e975d0470404e54466dc9c82f24d45991a799b7cd664f417fbd040126233fc18
